sensor_id,city,latitude,longitude,timestamp,co2,co,pm25,pm10,no2,so2,o3
1,Delhi,28.7041,77.1025,01-09-2025 00:00,391.5,0.94,87.6,120.1,32.9,18.6,33.9
4,Bengaluru,12.9716,77.5946,01-09-2025 00:10,451.9,0.9,82.9,123.4,46.2,19.3,36.9
2,Mumbai,19.076,72.8777,01-09-2025 00:20,410.4,0.59,98.8,121.6,67.2,21.6,34.7
5,Hyderabad,17.385,78.4867,01-09-2025 00:30,450.1,0.63,83.8,156.9,44.4,26.9,36.8
2,Mumbai,19.076,72.8777,01-09-2025 00:40,441.8,0.48,91.6,170.9,46.1,15.5,19.5
4,Bengaluru,12.9716,77.5946,01-09-2025 00:50,430.4,0.77,85,164.9,36.3,25.9,28
2,Mumbai,19.076,72.8777,01-09-2025 01:00,403.9,0.77,76.7,188.3,58.7,18.5,30.1
1,Delhi,28.7041,77.1025,01-09-2025 01:10,409.2,0.76,28.7,102.8,49.1,21.4,22.6
1,Delhi,28.7041,77.1025,01-09-2025 01:20,411.1,1.04,58.9,201.5,51.4,19.9,22.1
4,Bengaluru,12.9716,77.5946,01-09-2025 01:30,413.1,0.93,76.9,108.4,48,16.4,35
1,Delhi,28.7041,77.1025,01-09-2025 01:40,444.8,0.72,106.5,121.4,60.3,14.8,32.7
4,Bengaluru,12.9716,77.5946,01-09-2025 01:50,409.7,0.76,92.5,89.6,61.3,18.2,30
1,Delhi,28.7041,77.1025,01-09-2025 02:00,452.7,0.6,46.3,156.1,63.3,20.9,31.4
3,Chennai,13.0827,80.2707,01-09-2025 02:10,426,0.76,87.6,102.9,84.8,19.7,31.5
5,Hyderabad,17.385,78.4867,01-09-2025 02:20,426.1,0.56,73.7,99.7,61.1,21.7,31.4
4,Bengaluru,12.9716,77.5946,01-09-2025 02:30,408.6,0.94,50.8,143,78.7,16.9,39.6
4,Bengaluru,12.9716,77.5946,01-09-2025 02:40,380.9,1.14,97.1,158.5,49.2,28.7,17.8
4,Bengaluru,12.9716,77.5946,01-09-2025 02:50,399.3,0.89,59.2,114.6,47.9,13.9,37.2
5,Hyderabad,17.385,78.4867,01-09-2025 03:00,450.8,1.25,69.3,150.9,72.5,11.3,26
3,Chennai,13.0827,80.2707,01-09-2025 03:10,457.9,1.11,52.3,136,61.7,21.4,23.3
1,Delhi,28.7041,77.1025,01-09-2025 03:20,417.4,0.9,39.6,143.2,39.5,23.3,31.7
2,Mumbai,19.076,72.8777,01-09-2025 03:30,407.9,0.7,125.7,115.5,43.1,22.7,20.5
1,Delhi,28.7041,77.1025,01-09-2025 03:40,370.5,0.95,74,92.6,60.8,12.6,31.8
2,Mumbai,19.076,72.8777,01-09-2025 03:50,397.2,0.7,56.8,129.7,26.9,19.3,40.1
1,Delhi,28.7041,77.1025,01-09-2025 04:00,430.3,0.58,107,107.2,63.7,19,25.5
4,Bengaluru,12.9716,77.5946,01-09-2025 04:10,411.2,1,97.2,203,45.5,7.8,41.9
1,Delhi,28.7041,77.1025,01-09-2025 04:20,434,0.9,62.8,127.4,49.9,14.3,25.5
1,Delhi,28.7041,77.1025,01-09-2025 04:30,419.1,0.76,87.1,167,73.2,15.2,33
1,Delhi,28.7041,77.1025,01-09-2025 04:40,460.3,0.68,82.1,153.1,37.3,26.3,28.3
4,Bengaluru,12.9716,77.5946,01-09-2025 04:50,409.9,0.83,72.7,136.4,45.3,25.8,39
3,Chennai,13.0827,80.2707,01-09-2025 05:00,439.4,0.76,94.8,116.5,61.9,22.5,26.1
3,Chennai,13.0827,80.2707,01-09-2025 05:10,456.5,0.85,39.9,135.7,68.6,14.6,22.3
2,Mumbai,19.076,72.8777,01-09-2025 05:20,464.5,0.67,56.4,153.9,63.7,22,33.1
1,Delhi,28.7041,77.1025,01-09-2025 05:30,387.3,0.58,76.4,149.1,44.1,20,28.2
3,Chennai,13.0827,80.2707,01-09-2025 05:40,388.7,0.92,87.5,185.3,75.5,19.1,30.8
1,Delhi,28.7041,77.1025,01-09-2025 05:50,424.6,0.88,71.1,95.2,72.1,14.4,22.7
4,Bengaluru,12.9716,77.5946,01-09-2025 06:00,456.4,0.62,121,47.8,47.4,24.3,28.8
1,Delhi,28.7041,77.1025,01-09-2025 06:10,410.5,0.57,25.9,119.7,56.8,21.6,18
3,Chennai,13.0827,80.2707,01-09-2025 06:20,459.6,0.8,66.5,154.4,49.4,20.1,26.8
3,Chennai,13.0827,80.2707,01-09-2025 06:30,413.9,0.88,81.1,125.1,59.5,16.3,29.1
3,Chennai,13.0827,80.2707,01-09-2025 06:40,453.2,0.68,55.5,151.8,73.9,19.7,27
3,Chennai,13.0827,80.2707,01-09-2025 06:50,417.8,0.54,95.6,160.5,80.4,17.2,20.6
1,Delhi,28.7041,77.1025,01-09-2025 07:00,426.3,0.7,119.8,172,54.7,20.3,19.8
1,Delhi,28.7041,77.1025,01-09-2025 07:10,373.6,0.83,75.4,126.1,69.1,24.8,16.6
1,Delhi,28.7041,77.1025,01-09-2025 07:20,413.6,0.87,93.4,60.8,75.6,16.1,33.8
1,Delhi,28.7041,77.1025,01-09-2025 07:30,466,0.94,75.4,125.6,47.4,26,38.2
3,Chennai,13.0827,80.2707,01-09-2025 07:40,416,0.66,62.4,112.5,65.2,21.7,37.1
4,Bengaluru,12.9716,77.5946,01-09-2025 07:50,425,0.69,98.6,186.7,68.3,18.6,26.9
5,Hyderabad,17.385,78.4867,01-09-2025 08:00,378.9,0.73,46.8,162,37.9,28.7,29.3
1,Delhi,28.7041,77.1025,01-09-2025 08:10,394.1,0.54,108.2,125.7,52.1,24.5,34.9
4,Bengaluru,12.9716,77.5946,01-09-2025 08:20,441.2,0.53,86.7,169.2,60.1,20.9,29
2,Mumbai,19.076,72.8777,01-09-2025 08:30,414.3,0.73,95.9,192.9,48.7,18.7,27.7
4,Bengaluru,12.9716,77.5946,01-09-2025 08:40,431.3,0.75,65.7,147.6,44.4,20.3,29.3
3,Chennai,13.0827,80.2707,01-09-2025 08:50,402.5,1.08,85.6,164.9,53.1,20.1,44
4,Bengaluru,12.9716,77.5946,01-09-2025 09:00,422,0.7,90.6,139.2,54.4,14.7,23.7
1,Delhi,28.7041,77.1025,01-09-2025 09:10,423.2,0.75,62.2,132.6,45.7,19.6,34.3
4,Bengaluru,12.9716,77.5946,01-09-2025 09:20,421.1,0.59,76.1,143.2,48.3,15.3,29
4,Bengaluru,12.9716,77.5946,01-09-2025 09:30,391.9,0.59,108.3,124.6,53,15.8,11.1
4,Bengaluru,12.9716,77.5946,01-09-2025 09:40,411.9,0.55,75.3,91.4,51.9,31.4,27
5,Hyderabad,17.385,78.4867,01-09-2025 09:50,398.2,0.93,93.8,118.8,64.4,21.5,42.8
2,Mumbai,19.076,72.8777,01-09-2025 10:00,420.5,0.53,40.7,134.3,61.1,20.1,34.1
3,Chennai,13.0827,80.2707,01-09-2025 10:10,381.7,1.13,123.6,203.6,81.4,16.7,40.2
1,Delhi,28.7041,77.1025,01-09-2025 10:20,391.5,1.02,99.6,130.3,44,15.5,28.2
5,Hyderabad,17.385,78.4867,01-09-2025 10:30,400.7,0.57,30.4,122.5,31.1,14,24.8
5,Hyderabad,17.385,78.4867,01-09-2025 10:40,442.2,0.85,86.6,139.4,43.8,18.5,49.7
3,Chennai,13.0827,80.2707,01-09-2025 10:50,405.9,0.76,55.3,121.1,64.8,23.3,19.2
1,Delhi,28.7041,77.1025,01-09-2025 11:00,434.3,0.52,81,206.5,56.3,28.2,14.8
2,Mumbai,19.076,72.8777,01-09-2025 11:10,438.2,0.68,130.1,114.8,56,15.8,45.6
5,Hyderabad,17.385,78.4867,01-09-2025 11:20,418.4,0.81,69.3,91,63.9,18.8,20.6
5,Hyderabad,17.385,78.4867,01-09-2025 11:30,459,0.57,72.6,124.1,35.2,10.6,31.3
1,Delhi,28.7041,77.1025,01-09-2025 11:40,424.2,0.61,129.6,122,75.6,25.8,16.3
1,Delhi,28.7041,77.1025,01-09-2025 11:50,446.8,0.84,77.9,217.8,35,22.6,33.2
2,Mumbai,19.076,72.8777,01-09-2025 12:00,359.7,1.02,71.9,162.7,62.5,13.7,25.9
2,Mumbai,19.076,72.8777,01-09-2025 12:10,449,0.7,83.9,95.7,61.9,15.3,28.1
1,Delhi,28.7041,77.1025,01-09-2025 12:20,430.3,0.5,111.2,143.6,44.4,20.2,22.2
5,Hyderabad,17.385,78.4867,01-09-2025 12:30,454.9,0.65,57.3,164.7,92.5,17.3,26.1
4,Bengaluru,12.9716,77.5946,01-09-2025 12:40,368.4,0.49,65.6,149.1,38.3,22.8,32.3
2,Mumbai,19.076,72.8777,01-09-2025 12:50,388.3,0.88,75.9,178.5,83.1,21.6,20.3
5,Hyderabad,17.385,78.4867,01-09-2025 13:00,464.7,1,95.7,127.4,94.3,16.6,30.5
3,Chennai,13.0827,80.2707,01-09-2025 13:10,433.6,0.9,52.6,122.4,72.3,22.8,38.5
3,Chennai,13.0827,80.2707,01-09-2025 13:20,401.2,1.02,70.1,122.9,59.3,28.9,43.3
5,Hyderabad,17.385,78.4867,01-09-2025 13:30,389.6,0.95,98.8,185.9,40.1,15.8,29.6
4,Bengaluru,12.9716,77.5946,01-09-2025 13:40,443.9,0.95,59.7,164,70,21.5,33.8
2,Mumbai,19.076,72.8777,01-09-2025 13:50,409.8,0.76,81.6,126.9,47.3,15.6,33.3
5,Hyderabad,17.385,78.4867,01-09-2025 14:00,426.7,0.51,87.3,144.4,64.2,31.5,33.7
5,Hyderabad,17.385,78.4867,01-09-2025 14:10,409.3,1.32,86.5,138.6,71,31.4,21.2
5,Hyderabad,17.385,78.4867,01-09-2025 14:20,429.8,1.03,49.7,94.1,88.3,14.6,38.3
3,Chennai,13.0827,80.2707,01-09-2025 14:30,426,0.76,94.7,169.5,76.1,28.6,25.1
3,Chennai,13.0827,80.2707,01-09-2025 14:40,406.6,0.85,48.9,180.9,84.8,16.7,34.3
4,Bengaluru,12.9716,77.5946,01-09-2025 14:50,429.4,0.79,80.8,159.4,35.9,17.4,22.7
2,Mumbai,19.076,72.8777,01-09-2025 15:00,429,0.85,107.4,147.7,58.1,18.4,28.6
2,Mumbai,19.076,72.8777,01-09-2025 15:10,449.3,0.89,92,157.4,41.4,20.9,29.1
5,Hyderabad,17.385,78.4867,01-09-2025 15:20,382.9,0.77,80.4,145.2,60,25.7,24.4
5,Hyderabad,17.385,78.4867,01-09-2025 15:30,416,0.63,99.2,100.6,45,17.6,35.6
1,Delhi,28.7041,77.1025,01-09-2025 15:40,426.1,0.55,54.8,173.3,79,15.4,39.2
5,Hyderabad,17.385,78.4867,01-09-2025 15:50,383.3,0.88,65.5,130.7,61.5,22.1,29.7
1,Delhi,28.7041,77.1025,01-09-2025 16:00,376.6,0.93,83.6,125.4,21.4,9.5,34.6
4,Bengaluru,12.9716,77.5946,01-09-2025 16:10,447.7,0.91,58.9,181.2,86,17.9,17.8
4,Bengaluru,12.9716,77.5946,01-09-2025 16:20,457.6,0.72,79,127.8,76.4,23.9,31.5
4,Bengaluru,12.9716,77.5946,01-09-2025 16:30,441.3,0.88,69.2,114,77.9,23.4,17.1
5,Hyderabad,17.385,78.4867,01-09-2025 16:40,447.9,0.78,94.8,141.2,67.2,17.4,27.6
1,Delhi,28.7041,77.1025,01-09-2025 16:50,480.9,1.01,91.6,125.5,68.7,10.3,41.5
4,Bengaluru,12.9716,77.5946,01-09-2025 17:00,421.3,0.67,100.2,68.7,72.2,18.1,20.4
4,Bengaluru,12.9716,77.5946,01-09-2025 17:10,393.2,0.85,24.1,134,55.2,14.1,37.1
2,Mumbai,19.076,72.8777,01-09-2025 17:20,429.7,0.67,111.1,109.9,63.3,24.4,22.3
3,Chennai,13.0827,80.2707,01-09-2025 17:30,421.9,0.86,97.4,100.9,51.7,21.3,38.9
4,Bengaluru,12.9716,77.5946,01-09-2025 17:40,425.7,0.89,105.1,116.2,58.8,23.7,30.3
3,Chennai,13.0827,80.2707,01-09-2025 17:50,449.3,0.83,97.1,134.4,49.7,22.3,39.9
3,Chennai,13.0827,80.2707,01-09-2025 18:00,393.9,0.67,77.3,111.9,52.2,23.2,33.6
5,Hyderabad,17.385,78.4867,01-09-2025 18:10,451.9,0.44,79.8,86.8,59.7,17.1,40
4,Bengaluru,12.9716,77.5946,01-09-2025 18:20,390.1,0.59,84.5,87.4,50.8,16.6,26.5
3,Chennai,13.0827,80.2707,01-09-2025 18:30,443.8,0.78,71.3,211.6,43.3,14.2,28.2
2,Mumbai,19.076,72.8777,01-09-2025 18:40,418.2,0.81,103,154.5,52.6,17.8,26.3
1,Delhi,28.7041,77.1025,01-09-2025 18:50,442.3,0.56,75.8,159.3,48,12,29.3
5,Hyderabad,17.385,78.4867,01-09-2025 19:00,412.3,0.79,92.9,85,53.3,21.5,31.5
5,Hyderabad,17.385,78.4867,01-09-2025 19:10,463.6,0.65,131.1,152.5,50.1,24.5,41.6
1,Delhi,28.7041,77.1025,01-09-2025 19:20,393.3,0.82,89.3,157.6,70.4,16.5,20.9
1,Delhi,28.7041,77.1025,01-09-2025 19:30,424.9,0.83,49.2,96.2,59.6,20.7,18.5
5,Hyderabad,17.385,78.4867,01-09-2025 19:40,393.4,0.97,88.3,140.2,41.4,16.6,20.6
4,Bengaluru,12.9716,77.5946,01-09-2025 19:50,413.4,0.57,58.6,161.6,59.5,25.5,39
4,Bengaluru,12.9716,77.5946,01-09-2025 20:00,431.5,1.1,105.2,140.8,58.2,22.6,34.1
3,Chennai,13.0827,80.2707,01-09-2025 20:10,381.2,0.84,83.1,158.3,48.7,23,27.2
2,Mumbai,19.076,72.8777,01-09-2025 20:20,452.3,0.68,92.8,168,33.6,21.7,38.6
2,Mumbai,19.076,72.8777,01-09-2025 20:30,393.1,0.86,72,131.1,62.7,23.8,5.8
3,Chennai,13.0827,80.2707,01-09-2025 20:40,484.9,0.69,52.1,182.5,47.6,27.3,33.9
5,Hyderabad,17.385,78.4867,01-09-2025 20:50,413.9,1.13,70.5,116.4,54.3,11,36.7
1,Delhi,28.7041,77.1025,01-09-2025 21:00,437.3,0.54,80.9,137.4,47.1,12.8,24.3
4,Bengaluru,12.9716,77.5946,01-09-2025 21:10,442,0.7,64.4,104.4,67.4,24.7,24.4
3,Chennai,13.0827,80.2707,01-09-2025 21:20,397.3,0.9,126.3,143.2,54.5,15.9,15.1
5,Hyderabad,17.385,78.4867,01-09-2025 21:30,455.8,1.28,82,104.2,49.7,23.1,26.3
3,Chennai,13.0827,80.2707,01-09-2025 21:40,383.5,0.92,96,107.6,40.8,14.6,36.3
1,Delhi,28.7041,77.1025,01-09-2025 21:50,431.8,0.42,73.9,195.4,44.3,19,43.8
1,Delhi,28.7041,77.1025,01-09-2025 22:00,392.8,0.68,73.7,123.5,69.1,20.3,9
3,Chennai,13.0827,80.2707,01-09-2025 22:10,383,0.82,89.2,80.3,54.9,14.9,23.7
4,Bengaluru,12.9716,77.5946,01-09-2025 22:20,427.4,0.48,67.1,137.2,61.9,22.3,30.7
2,Mumbai,19.076,72.8777,01-09-2025 22:30,433.1,0.6,110.9,127.5,39.2,21.9,26.9
3,Chennai,13.0827,80.2707,01-09-2025 22:40,446.5,0.88,62.1,198.7,50.1,22.6,34.1
5,Hyderabad,17.385,78.4867,01-09-2025 22:50,384.6,0.48,52.2,81.4,61,25.5,20.5
4,Bengaluru,12.9716,77.5946,01-09-2025 23:00,376.2,1.04,81.3,151,76.2,16.5,41.4
5,Hyderabad,17.385,78.4867,01-09-2025 23:10,386.3,0.9,88.4,104.1,46.9,18.6,18.8
2,Mumbai,19.076,72.8777,01-09-2025 23:20,412.8,0.35,84.3,128.7,50.1,16.8,40.7
3,Chennai,13.0827,80.2707,01-09-2025 23:30,455.8,0.76,82.1,161,50.5,23.2,29.9
2,Mumbai,19.076,72.8777,01-09-2025 23:40,423.8,0.9,85,105.7,88.6,17.1,21
5,Hyderabad,17.385,78.4867,01-09-2025 23:50,410.2,0.76,77.5,185.7,42.2,17.2,39.9
5,Hyderabad,17.385,78.4867,02-09-2025 00:00,450.8,0.61,80.8,88,43.9,23.8,38.9
4,Bengaluru,12.9716,77.5946,02-09-2025 00:10,446.4,1,70.4,179.1,60.2,26.7,14.9
5,Hyderabad,17.385,78.4867,02-09-2025 00:20,427.1,0.86,66.6,158.6,63.3,21,24.1
4,Bengaluru,12.9716,77.5946,02-09-2025 00:30,455.3,0.51,58.7,58.5,72.3,18.4,23.5
4,Bengaluru,12.9716,77.5946,02-09-2025 00:40,401.9,0.85,64.9,122.4,9,21.2,23.6
1,Delhi,28.7041,77.1025,02-09-2025 00:50,385.4,0.93,121.3,174.9,61.7,21.1,18.2
4,Bengaluru,12.9716,77.5946,02-09-2025 01:00,405.5,0.79,59.9,127.6,73.4,15.9,35.5
2,Mumbai,19.076,72.8777,02-09-2025 01:10,478.2,0.81,78.8,128.9,59.5,17.2,15.9
1,Delhi,28.7041,77.1025,02-09-2025 01:20,367.8,0.71,49.5,130.9,70.1,15.7,21.5
1,Delhi,28.7041,77.1025,02-09-2025 01:30,429.6,0.66,24.9,143.2,53.5,20.1,37.8
1,Delhi,28.7041,77.1025,02-09-2025 01:40,427.9,0.97,96.5,185.1,59.9,22.6,22.1
4,Bengaluru,12.9716,77.5946,02-09-2025 01:50,418.7,0.85,29.2,151.3,50.9,14.4,32.7
1,Delhi,28.7041,77.1025,02-09-2025 02:00,426.5,0.45,70.2,122,78.9,10.9,29.8
4,Bengaluru,12.9716,77.5946,02-09-2025 02:10,477.2,0.7,104.1,144,49.3,28,27.6
3,Chennai,13.0827,80.2707,02-09-2025 02:20,432.7,0.84,115.1,194.2,67,21.4,43.5
2,Mumbai,19.076,72.8777,02-09-2025 02:30,461.5,0.74,64.9,140.2,58,23.5,20.7
1,Delhi,28.7041,77.1025,02-09-2025 02:40,425.9,1.12,61.1,163.8,72.9,13.7,26.2
3,Chennai,13.0827,80.2707,02-09-2025 02:50,427.8,0.67,69.6,167.7,57.1,25.7,25.1
4,Bengaluru,12.9716,77.5946,02-09-2025 03:00,381.4,0.8,92.1,144.8,78,20.8,29.4
4,Bengaluru,12.9716,77.5946,02-09-2025 03:10,463.6,1,78.7,97,31.7,18.9,16.8
3,Chennai,13.0827,80.2707,02-09-2025 03:20,428.7,0.94,71.3,156.5,71.3,20.7,32.4
2,Mumbai,19.076,72.8777,02-09-2025 03:30,450.6,0.49,62.1,175.8,21.1,14.9,13.8
3,Chennai,13.0827,80.2707,02-09-2025 03:40,450.3,0.4,84.9,152.9,37.2,14.5,22.7
1,Delhi,28.7041,77.1025,02-09-2025 03:50,455.7,0.91,74.9,128,60.8,18.4,30.9
4,Bengaluru,12.9716,77.5946,02-09-2025 04:00,451.6,0.79,81.3,117.7,57.4,18.4,26.7
3,Chennai,13.0827,80.2707,02-09-2025 04:10,437,0.52,73.6,157.8,46.6,15.6,34
5,Hyderabad,17.385,78.4867,02-09-2025 04:20,401.6,0.99,58,134.5,82.4,33,31.4
5,Hyderabad,17.385,78.4867,02-09-2025 04:30,422.8,0.77,97.9,92.6,53.9,21.3,28.4
1,Delhi,28.7041,77.1025,02-09-2025 04:40,394,0.64,67.9,161.6,40.8,18,32.8
5,Hyderabad,17.385,78.4867,02-09-2025 04:50,412.5,1.01,54.3,133.5,68.4,18.5,32.4
4,Bengaluru,12.9716,77.5946,02-09-2025 05:00,457,0.8,40.9,158.6,71.8,14.6,20.6
4,Bengaluru,12.9716,77.5946,02-09-2025 05:10,441.7,0.55,73.4,139.5,56.4,22,24.3
5,Hyderabad,17.385,78.4867,02-09-2025 05:20,415.3,0.94,56.2,136.2,57.2,21.6,11.1
5,Hyderabad,17.385,78.4867,02-09-2025 05:30,421.8,0.91,62.1,98.1,41.1,17.6,26.8
4,Bengaluru,12.9716,77.5946,02-09-2025 05:40,448.3,0.62,58,155.4,84,25.1,24.6
5,Hyderabad,17.385,78.4867,02-09-2025 05:50,443.1,0.67,93.4,117.7,79,25.5,25.9
4,Bengaluru,12.9716,77.5946,02-09-2025 06:00,396.8,0.88,66,96.4,50.1,24.1,36.2
3,Chennai,13.0827,80.2707,02-09-2025 06:10,410.9,1.08,98.3,157.4,40.9,26,24.4
4,Bengaluru,12.9716,77.5946,02-09-2025 06:20,430.5,0.7,109.6,146.8,62.8,25.1,54.7
2,Mumbai,19.076,72.8777,02-09-2025 06:30,429.2,0.58,70.1,150.3,60.2,21.7,35.8
4,Bengaluru,12.9716,77.5946,02-09-2025 06:40,387.9,0.55,67.7,174,66.8,24.4,37.3
3,Chennai,13.0827,80.2707,02-09-2025 06:50,391.1,0.95,74.5,169,62,23.7,30.8
4,Bengaluru,12.9716,77.5946,02-09-2025 07:00,447.2,0.85,47.8,109.5,66.2,15,25.5
2,Mumbai,19.076,72.8777,02-09-2025 07:10,433,0.66,86.5,169.8,47.9,18.9,35.5
5,Hyderabad,17.385,78.4867,02-09-2025 07:20,439.4,0.82,73.9,155.4,50.6,22.9,16.5
2,Mumbai,19.076,72.8777,02-09-2025 07:30,400.4,1,85.3,185.8,64.2,21.4,18.9
4,Bengaluru,12.9716,77.5946,02-09-2025 07:40,423.4,0.67,81.3,67.5,70.1,22.9,35.9
4,Bengaluru,12.9716,77.5946,02-09-2025 07:50,434.3,0.83,68.2,112.2,57.7,22.5,28.1
4,Bengaluru,12.9716,77.5946,02-09-2025 08:00,461.6,0.56,72.4,112.7,56.7,18.5,34.9
1,Delhi,28.7041,77.1025,02-09-2025 08:10,456,0.33,101,92.6,63,20.8,9.3
2,Mumbai,19.076,72.8777,02-09-2025 08:20,425.7,0.79,82.6,196.4,56.7,23,41.6
3,Chennai,13.0827,80.2707,02-09-2025 08:30,398.2,0.95,86.9,168.7,40.8,27,38.7
4,Bengaluru,12.9716,77.5946,02-09-2025 08:40,402.4,0.77,90.8,70.9,60.9,22.6,30.7
4,Bengaluru,12.9716,77.5946,02-09-2025 08:50,437,0.85,90.1,135.9,63.3,26.7,35.6
5,Hyderabad,17.385,78.4867,02-09-2025 09:00,405.4,0.57,57.2,110.3,51.6,20.5,34.1
2,Mumbai,19.076,72.8777,02-09-2025 09:10,436.9,0.78,70.2,150.4,53.1,10.5,37.7
2,Mumbai,19.076,72.8777,02-09-2025 09:20,368,1.12,56,91.5,29.3,23.5,33.8
3,Chennai,13.0827,80.2707,02-09-2025 09:30,444.8,0.7,82.8,152.9,60.4,26.4,30.1
4,Bengaluru,12.9716,77.5946,02-09-2025 09:40,446.4,0.48,113.9,150.9,43.2,24.2,29.8
4,Bengaluru,12.9716,77.5946,02-09-2025 09:50,403,0.81,64.1,239.2,53.4,21.8,44.2
2,Mumbai,19.076,72.8777,02-09-2025 10:00,351.7,0.7,51.5,154.7,73.8,14,26.4
2,Mumbai,19.076,72.8777,02-09-2025 10:10,438,0.73,89.6,63.5,53.7,20.9,41.4
1,Delhi,28.7041,77.1025,02-09-2025 10:20,417.3,0.64,96.9,115.8,73.3,17.3,26.3
5,Hyderabad,17.385,78.4867,02-09-2025 10:30,429.5,0.77,58.1,175.9,73.4,28.2,49.2
3,Chennai,13.0827,80.2707,02-09-2025 10:40,431,0.73,61.2,137.7,34.6,26.4,39.3
2,Mumbai,19.076,72.8777,02-09-2025 10:50,445.3,0.8,59,110,79,29,24.8
4,Bengaluru,12.9716,77.5946,02-09-2025 11:00,439.3,0.94,98.6,126.1,50.4,20.4,33.5
3,Chennai,13.0827,80.2707,02-09-2025 11:10,350.5,0.8,88.5,148.4,80.3,8.3,41.1
5,Hyderabad,17.385,78.4867,02-09-2025 11:20,420.6,0.69,91.2,156.7,81.2,11.8,26
4,Bengaluru,12.9716,77.5946,02-09-2025 11:30,400.2,0.98,82.5,133.3,64.4,18.8,36
2,Mumbai,19.076,72.8777,02-09-2025 11:40,400.9,1.24,53.9,141.5,60.5,17.5,42.2
2,Mumbai,19.076,72.8777,02-09-2025 11:50,448.3,1.21,57.8,153.5,55,26.6,28.9
2,Mumbai,19.076,72.8777,02-09-2025 12:00,416.2,0.76,107,140.2,53.3,14.5,15.4
2,Mumbai,19.076,72.8777,02-09-2025 12:10,380.4,1.01,77.1,134,57.6,20.2,28.1
3,Chennai,13.0827,80.2707,02-09-2025 12:20,389.9,0.65,98.5,133,60.8,19.4,23.7
4,Bengaluru,12.9716,77.5946,02-09-2025 12:30,454.6,0.86,63.3,154.6,48.3,20.3,42.9
1,Delhi,28.7041,77.1025,02-09-2025 12:40,386.8,0.88,79.5,112.2,55.2,24.3,26.2
3,Chennai,13.0827,80.2707,02-09-2025 12:50,448.8,0.6,80.4,186.1,38.8,17.9,30.4
3,Chennai,13.0827,80.2707,02-09-2025 13:00,403.1,0.57,58.8,141,43.6,17.7,34.8
4,Bengaluru,12.9716,77.5946,02-09-2025 13:10,475.3,0.58,92.7,103.6,63.6,24.8,32.6
5,Hyderabad,17.385,78.4867,02-09-2025 13:20,418.6,0.93,104.9,136.8,45.4,16.1,33.7
5,Hyderabad,17.385,78.4867,02-09-2025 13:30,401,1.23,100.7,166.8,36.4,21.5,29.7
1,Delhi,28.7041,77.1025,02-09-2025 13:40,449.7,0.76,97.9,154.4,54.4,26.2,42.2
5,Hyderabad,17.385,78.4867,02-09-2025 13:50,381.1,0.79,94.6,146,47.2,25.1,39.9
5,Hyderabad,17.385,78.4867,02-09-2025 14:00,417.2,0.82,92.6,135.3,47.9,23.9,24.2
5,Hyderabad,17.385,78.4867,02-09-2025 14:10,473.7,1.09,72.3,128,47.4,11.2,30.8
4,Bengaluru,12.9716,77.5946,02-09-2025 14:20,395.5,1.17,71.4,147.8,66.6,24.6,34.5
5,Hyderabad,17.385,78.4867,02-09-2025 14:30,424,1.03,86.7,169.7,51.8,18.4,42.5
5,Hyderabad,17.385,78.4867,02-09-2025 14:40,483.8,0.85,111.4,145.7,66.9,16,25.6
4,Bengaluru,12.9716,77.5946,02-09-2025 14:50,416.9,1.11,104,73.9,37.4,17.1,18
3,Chennai,13.0827,80.2707,02-09-2025 15:00,453.9,0.54,86.8,76.8,23.8,21.4,36.9
5,Hyderabad,17.385,78.4867,02-09-2025 15:10,477.1,0.8,74,127.4,54.9,17.6,32.2
1,Delhi,28.7041,77.1025,02-09-2025 15:20,427.5,0.71,46.6,154,55.9,17.5,38.6
4,Bengaluru,12.9716,77.5946,02-09-2025 15:30,442.9,0.56,29.8,140.5,78.6,20.6,39.8
5,Hyderabad,17.385,78.4867,02-09-2025 15:40,431.8,0.8,102,174.8,59.4,31.5,33.1
5,Hyderabad,17.385,78.4867,02-09-2025 15:50,415.3,0.79,73.9,146.4,59.2,21.6,20.2
2,Mumbai,19.076,72.8777,02-09-2025 16:00,449.4,0.81,84.4,179,45.9,26,31.9
2,Mumbai,19.076,72.8777,02-09-2025 16:10,384.5,0.55,91.9,140.8,46.6,17.2,45.3
5,Hyderabad,17.385,78.4867,02-09-2025 16:20,459.9,0.8,49.9,156.3,66.8,9.9,35.6
2,Mumbai,19.076,72.8777,02-09-2025 16:30,406.9,0.58,85.1,181.4,69.6,15.6,28
4,Bengaluru,12.9716,77.5946,02-09-2025 16:40,417.3,0.85,79.2,151.4,62.4,9.3,31.6
2,Mumbai,19.076,72.8777,02-09-2025 16:50,424.4,0.5,86.3,182.2,46.5,22.7,44.8
2,Mumbai,19.076,72.8777,02-09-2025 17:00,423.2,0.77,103.5,107.9,70.6,22.3,39.5
1,Delhi,28.7041,77.1025,02-09-2025 17:10,438.8,0.59,79.9,119.5,85.8,27,31.6
4,Bengaluru,12.9716,77.5946,02-09-2025 17:20,414.8,0.82,93.6,145.4,51.1,18.2,41.9
3,Chennai,13.0827,80.2707,02-09-2025 17:30,368.9,0.87,49.9,121.8,39.4,8.5,30.5
5,Hyderabad,17.385,78.4867,02-09-2025 17:40,465.9,1.12,55.8,124.4,43.3,29.6,27.3
1,Delhi,28.7041,77.1025,02-09-2025 17:50,447.3,0.43,91.9,135.5,65.2,20.2,28.6
2,Mumbai,19.076,72.8777,02-09-2025 18:00,461.4,0.52,71.5,120.7,51.4,16.7,38
2,Mumbai,19.076,72.8777,02-09-2025 18:10,410.8,0.7,84.4,125.2,44.1,10.3,20.2
3,Chennai,13.0827,80.2707,02-09-2025 18:20,426,0.61,66.1,192.3,71.8,29.5,39.3
3,Chennai,13.0827,80.2707,02-09-2025 18:30,447.4,1.03,71.8,176.6,82.7,17.2,26.6
2,Mumbai,19.076,72.8777,02-09-2025 18:40,382.9,0.81,106.3,216.8,48.8,19.5,38.8
2,Mumbai,19.076,72.8777,02-09-2025 18:50,411.4,0.66,92.2,160,48.2,26,35.6
4,Bengaluru,12.9716,77.5946,02-09-2025 19:00,440.3,0.88,90,130.5,73,17,20.2
4,Bengaluru,12.9716,77.5946,02-09-2025 19:10,377.4,0.68,90.4,151.6,64.1,18.5,26.7
4,Bengaluru,12.9716,77.5946,02-09-2025 19:20,400.8,0.96,69.9,163.1,48.4,23.3,38.6
2,Mumbai,19.076,72.8777,02-09-2025 19:30,452.3,0.83,57.4,111.3,61.8,29.5,32.1
3,Chennai,13.0827,80.2707,02-09-2025 19:40,414,0.61,41.7,142.5,46,20.7,29.9
2,Mumbai,19.076,72.8777,02-09-2025 19:50,461.7,0.91,101.7,106.4,45,19.3,14.1
1,Delhi,28.7041,77.1025,02-09-2025 20:00,465.1,0.78,40.5,176.4,53.9,19.4,47.3
2,Mumbai,19.076,72.8777,02-09-2025 20:10,397.1,1.09,121.6,135.7,26.5,26.8,23.6
1,Delhi,28.7041,77.1025,02-09-2025 20:20,461.6,0.82,80.4,106.3,49,18.4,29.1
4,Bengaluru,12.9716,77.5946,02-09-2025 20:30,448.9,0.6,80.2,157.8,48.1,21.3,25.7
1,Delhi,28.7041,77.1025,02-09-2025 20:40,402.7,0.95,57,145.7,54.3,20.3,12.8
3,Chennai,13.0827,80.2707,02-09-2025 20:50,410.5,1.01,65.2,199.4,70.3,22.2,27.4
5,Hyderabad,17.385,78.4867,02-09-2025 21:00,454.5,0.79,102.3,129,63.4,20.1,24.7
5,Hyderabad,17.385,78.4867,02-09-2025 21:10,401.1,1.03,92.8,152,38.4,32.7,28.6
1,Delhi,28.7041,77.1025,02-09-2025 21:20,401.3,0.68,86.7,136.2,59.2,20.2,33.5
4,Bengaluru,12.9716,77.5946,02-09-2025 21:30,403.2,0.78,90.9,179.1,50.7,18,41.6
1,Delhi,28.7041,77.1025,02-09-2025 21:40,385.1,0.79,62.6,94.9,50.3,23.2,16
5,Hyderabad,17.385,78.4867,02-09-2025 21:50,419.8,0.61,102.1,187.7,53.4,18.4,35.3
2,Mumbai,19.076,72.8777,02-09-2025 22:00,385.9,0.98,49.3,159.5,43.4,24.5,35.8
1,Delhi,28.7041,77.1025,02-09-2025 22:10,410.9,1.38,61.2,205.3,57.1,13.7,31.1
4,Bengaluru,12.9716,77.5946,02-09-2025 22:20,453.9,0.84,90.8,140.2,52.9,17.8,36.8
4,Bengaluru,12.9716,77.5946,02-09-2025 22:30,427.4,0.57,101.5,145.8,75.4,14.6,37.2
1,Delhi,28.7041,77.1025,02-09-2025 22:40,409.2,0.76,64.8,185.6,42.2,17.2,38.6
4,Bengaluru,12.9716,77.5946,02-09-2025 22:50,388.2,1.22,120.5,130.6,44.3,13.7,29.7
4,Bengaluru,12.9716,77.5946,02-09-2025 23:00,418.6,1.14,74.3,157.2,38.9,22.6,42.7
4,Bengaluru,12.9716,77.5946,02-09-2025 23:10,442.6,0.94,80.8,119.5,50.8,18.7,19.4
2,Mumbai,19.076,72.8777,02-09-2025 23:20,445.3,0.31,94.5,125.1,73.4,20.1,36.9
3,Chennai,13.0827,80.2707,02-09-2025 23:30,421.1,0.54,86.8,139.9,38.2,14,15.2
1,Delhi,28.7041,77.1025,02-09-2025 23:40,427.3,0.74,63.5,116.6,71,29.3,37.3
3,Chennai,13.0827,80.2707,02-09-2025 23:50,431.9,1.05,110.4,163.7,56.6,23.8,24.8
1,Delhi,28.7041,77.1025,03-09-2025 00:00,386.5,0.78,84.6,156.8,47.9,20.6,17.7
5,Hyderabad,17.385,78.4867,03-09-2025 00:10,442.6,0.81,56.9,115.3,24.1,18.7,25.6
3,Chennai,13.0827,80.2707,03-09-2025 00:20,417.9,0.83,87,158.2,60.2,30.1,28.8
5,Hyderabad,17.385,78.4867,03-09-2025 00:30,386.3,0.97,79,100.8,51,23.6,32.4
4,Bengaluru,12.9716,77.5946,03-09-2025 00:40,456.4,0.68,87.8,174.9,29.1,16.6,32.2
4,Bengaluru,12.9716,77.5946,03-09-2025 00:50,431.2,0.64,65.7,121.2,37.7,16.7,36.3
5,Hyderabad,17.385,78.4867,03-09-2025 01:00,410.1,1.06,74.4,174.9,67,23.9,19.8
4,Bengaluru,12.9716,77.5946,03-09-2025 01:10,399.8,0.77,96.2,110.1,70.5,18.6,31.4
4,Bengaluru,12.9716,77.5946,03-09-2025 01:20,433.2,0.6,66,104.4,55.5,15,36.7
3,Chennai,13.0827,80.2707,03-09-2025 01:30,417.2,0.77,81.1,184.8,48.8,25.5,43.6
1,Delhi,28.7041,77.1025,03-09-2025 01:40,442.9,0.96,74.6,114.7,54.4,14.4,32.6
5,Hyderabad,17.385,78.4867,03-09-2025 01:50,399.1,0.59,114.8,166.4,53.4,15.9,36.1
4,Bengaluru,12.9716,77.5946,03-09-2025 02:00,410.2,0.82,88.8,109.4,76.1,23.8,17.6
1,Delhi,28.7041,77.1025,03-09-2025 02:10,405,0.62,92.4,66.7,56.3,15.6,16.4
2,Mumbai,19.076,72.8777,03-09-2025 02:20,453.7,0.93,78,183.1,62.8,26,24.4
3,Chennai,13.0827,80.2707,03-09-2025 02:30,443.4,0.83,96.6,153.9,62.4,26.4,37
1,Delhi,28.7041,77.1025,03-09-2025 02:40,410.2,1.08,94.7,128.6,51.2,9.3,24
2,Mumbai,19.076,72.8777,03-09-2025 02:50,420.3,0.97,44.4,135.9,60,22.9,29.5
2,Mumbai,19.076,72.8777,03-09-2025 03:00,430.8,0.93,90.3,233.1,104.9,19.8,20.3
1,Delhi,28.7041,77.1025,03-09-2025 03:10,430.2,0.51,66.6,96.9,65.5,27.9,27.8
3,Chennai,13.0827,80.2707,03-09-2025 03:20,386.3,0.44,11.2,163,55.1,17.6,34.6
3,Chennai,13.0827,80.2707,03-09-2025 03:30,432.4,0.87,60.1,163.7,35.5,13.4,16.1
1,Delhi,28.7041,77.1025,03-09-2025 03:40,418.7,0.83,99.9,168.9,33.6,18.3,32.7
4,Bengaluru,12.9716,77.5946,03-09-2025 03:50,431.1,0.48,69.4,107.5,56.2,29.2,31.3
4,Bengaluru,12.9716,77.5946,03-09-2025 04:00,352.5,0.99,70.2,133.1,45.2,18,35
1,Delhi,28.7041,77.1025,03-09-2025 04:10,409.8,0.96,74.6,130.9,32.5,20.3,24.8
4,Bengaluru,12.9716,77.5946,03-09-2025 04:20,428.6,0.72,117.4,140,51.8,26.3,36
3,Chennai,13.0827,80.2707,03-09-2025 04:30,444.6,0.58,57.1,137.6,37.8,19.3,30.7
3,Chennai,13.0827,80.2707,03-09-2025 04:40,406.8,0.4,78,198.4,70.5,21.6,20.5
4,Bengaluru,12.9716,77.5946,03-09-2025 04:50,428.3,0.58,100,148.9,55.8,19.9,30.3
2,Mumbai,19.076,72.8777,03-09-2025 05:00,497.8,0.51,85,129.7,48.2,11.2,29.3
3,Chennai,13.0827,80.2707,03-09-2025 05:10,435.2,0.56,92.1,158.1,57.6,20.4,30.7
5,Hyderabad,17.385,78.4867,03-09-2025 05:20,405.5,0.97,64.9,157.8,46.1,20.5,21.2
3,Chennai,13.0827,80.2707,03-09-2025 05:30,426.6,0.79,86.2,140.3,74.2,12.1,38.1
5,Hyderabad,17.385,78.4867,03-09-2025 05:40,489.9,0.71,74.8,97.2,72.1,18.1,16.4
1,Delhi,28.7041,77.1025,03-09-2025 05:50,423.9,0.67,88.1,176.5,56.7,16,15.8
3,Chennai,13.0827,80.2707,03-09-2025 06:00,454.8,0.96,61.1,107.8,34.5,15.1,42
3,Chennai,13.0827,80.2707,03-09-2025 06:10,456.6,0.65,125.3,113.4,50.6,21.3,40.7
1,Delhi,28.7041,77.1025,03-09-2025 06:20,422.3,0.87,99.4,141.9,32,19.6,28.8
1,Delhi,28.7041,77.1025,03-09-2025 06:30,382.7,1.05,71.5,128.7,43.6,17.8,27.5
2,Mumbai,19.076,72.8777,03-09-2025 06:40,455.3,0.39,105.8,166.5,54.1,19.4,26.3
1,Delhi,28.7041,77.1025,03-09-2025 06:50,431.4,0.92,71.8,132.9,43.2,14,36.4
5,Hyderabad,17.385,78.4867,03-09-2025 07:00,407.3,1.1,72.9,175.3,77,11.2,31.5
3,Chennai,13.0827,80.2707,03-09-2025 07:10,425.7,0.66,85.1,130.8,65.9,22,29.3
2,Mumbai,19.076,72.8777,03-09-2025 07:20,410,0.52,52.4,166.1,64,19.7,22
1,Delhi,28.7041,77.1025,03-09-2025 07:30,407,0.77,81.6,173.7,72.5,21.1,15.4
5,Hyderabad,17.385,78.4867,03-09-2025 07:40,449.5,0.86,77.8,87.3,46.6,16.3,31.4
1,Delhi,28.7041,77.1025,03-09-2025 07:50,389.5,0.6,119.4,126.8,52.8,23.1,27.7
4,Bengaluru,12.9716,77.5946,03-09-2025 08:00,415.3,0.92,59.2,157.3,56.7,21.4,32.6
1,Delhi,28.7041,77.1025,03-09-2025 08:10,435.1,0.86,63.6,160.1,42.9,22.2,41.9
2,Mumbai,19.076,72.8777,03-09-2025 08:20,387.2,0.89,99.9,121.2,65.5,11.6,14.7
4,Bengaluru,12.9716,77.5946,03-09-2025 08:30,414,0.9,76.2,134.1,62.4,21.1,40.1
1,Delhi,28.7041,77.1025,03-09-2025 08:40,429.9,0.95,108.6,151.9,68.3,20.3,28.3
2,Mumbai,19.076,72.8777,03-09-2025 08:50,397.4,0.72,49.6,113.2,59.9,17.5,28.2
1,Delhi,28.7041,77.1025,03-09-2025 09:00,395.3,1.03,79.7,155.3,58.9,13.4,30.1
3,Chennai,13.0827,80.2707,03-09-2025 09:10,432.2,0.69,95.6,151.6,54.4,21.2,42.1
3,Chennai,13.0827,80.2707,03-09-2025 09:20,442.8,0.84,86.3,179.5,54.1,20.4,20.8
5,Hyderabad,17.385,78.4867,03-09-2025 09:30,427.8,0.73,91.5,144.5,24.5,20,25.2
5,Hyderabad,17.385,78.4867,03-09-2025 09:40,424.6,1.23,95.1,167,22.9,8.3,26.2
2,Mumbai,19.076,72.8777,03-09-2025 09:50,466.1,0.76,59.7,137.8,43.7,31.3,35
3,Chennai,13.0827,80.2707,03-09-2025 10:00,449.7,0.79,64.8,119.6,53.6,22.1,30.6
5,Hyderabad,17.385,78.4867,03-09-2025 10:10,467.4,1.14,46.1,117.1,47.4,22.2,33.3
4,Bengaluru,12.9716,77.5946,03-09-2025 10:20,441.9,0.72,91.1,84.9,51.6,18.4,40.2
2,Mumbai,19.076,72.8777,03-09-2025 10:30,386.9,0.56,88.9,160.9,42.1,20.5,24.2
1,Delhi,28.7041,77.1025,03-09-2025 10:40,414.4,0.97,50.8,82.3,57.8,21.1,20.1
2,Mumbai,19.076,72.8777,03-09-2025 10:50,402.2,0.79,99,117.8,57.1,17,23.7
4,Bengaluru,12.9716,77.5946,03-09-2025 11:00,420.3,1.06,107.2,123.6,54.4,24.7,25.7
1,Delhi,28.7041,77.1025,03-09-2025 11:10,439.5,0.78,78.5,186.2,36.5,18.2,25.2
3,Chennai,13.0827,80.2707,03-09-2025 11:20,424.4,0.75,92.5,152.4,72.4,24,20.7
3,Chennai,13.0827,80.2707,03-09-2025 11:30,413.6,0.8,93.3,179.7,50.7,26.3,34.9
1,Delhi,28.7041,77.1025,03-09-2025 11:40,424.3,0.38,88.1,155.1,87.4,28.1,22.7
3,Chennai,13.0827,80.2707,03-09-2025 11:50,444.8,0.88,83.8,98.1,43.1,14.4,24.9
3,Chennai,13.0827,80.2707,03-09-2025 12:00,407.3,0.61,85.3,190.3,49.8,21.3,27.5
5,Hyderabad,17.385,78.4867,03-09-2025 12:10,393.2,1.02,56.2,69.7,33.5,17.6,21.6
4,Bengaluru,12.9716,77.5946,03-09-2025 12:20,429.4,0.52,81.8,178.7,53.5,6.4,34.4
4,Bengaluru,12.9716,77.5946,03-09-2025 12:30,408.4,0.56,74.3,147.1,51.4,26.4,29.7
2,Mumbai,19.076,72.8777,03-09-2025 12:40,437.6,0.78,92.2,148.9,46.1,16,32.1
2,Mumbai,19.076,72.8777,03-09-2025 12:50,385.3,0.5,61.3,167,41.3,25,26.8
4,Bengaluru,12.9716,77.5946,03-09-2025 13:00,447.3,0.81,47.6,102.7,81.4,14.2,36.7
2,Mumbai,19.076,72.8777,03-09-2025 13:10,434.9,0.94,74.6,128.2,34.4,22.7,48.7
2,Mumbai,19.076,72.8777,03-09-2025 13:20,447.8,0.94,77.9,120.9,31.1,25.6,39.4
3,Chennai,13.0827,80.2707,03-09-2025 13:30,435.8,0.81,89.5,164.9,51.5,22,20.7
1,Delhi,28.7041,77.1025,03-09-2025 13:40,441.1,0.91,93.5,116.7,26.3,18.8,27.4
3,Chennai,13.0827,80.2707,03-09-2025 13:50,362.5,1.37,95.2,145.1,50.4,29.4,29
3,Chennai,13.0827,80.2707,03-09-2025 14:00,400,1.02,78.7,160.2,64.5,14.6,16.9
2,Mumbai,19.076,72.8777,03-09-2025 14:10,354.2,0.63,87,157.7,34.9,17.8,30.3
1,Delhi,28.7041,77.1025,03-09-2025 14:20,395.9,0.64,81.9,138.8,55.2,17.6,36.6
2,Mumbai,19.076,72.8777,03-09-2025 14:30,412.4,0.66,102.1,176.2,56.7,18,29.2
4,Bengaluru,12.9716,77.5946,03-09-2025 14:40,426.1,0.74,76,129,52.2,20.5,34.4
4,Bengaluru,12.9716,77.5946,03-09-2025 14:50,403.1,0.75,89.6,145.4,90.1,23.9,36.1
2,Mumbai,19.076,72.8777,03-09-2025 15:00,414,0.49,80.2,123.6,63.1,15.2,24.5
5,Hyderabad,17.385,78.4867,03-09-2025 15:10,361.1,0.71,56,131.2,52,22.4,44.5
1,Delhi,28.7041,77.1025,03-09-2025 15:20,406.7,0.51,75.6,148.7,15.3,22.3,35.1
3,Chennai,13.0827,80.2707,03-09-2025 15:30,475.8,1,86.6,149.9,54.5,20.1,40.1
2,Mumbai,19.076,72.8777,03-09-2025 15:40,383.4,1.08,93.5,120.7,87.7,17.2,29.6
4,Bengaluru,12.9716,77.5946,03-09-2025 15:50,395.5,0.87,76,119.9,62.5,21.2,30.4
1,Delhi,28.7041,77.1025,03-09-2025 16:00,384.4,0.62,91.3,231.5,62.6,16.2,43.8
1,Delhi,28.7041,77.1025,03-09-2025 16:10,391.5,0.84,75,139.2,61,25.1,23.4
2,Mumbai,19.076,72.8777,03-09-2025 16:20,423.4,0.61,53.2,149.6,41.6,15.2,37.8
4,Bengaluru,12.9716,77.5946,03-09-2025 16:30,443.4,0.78,85.1,115.2,76.3,15,23.3
4,Bengaluru,12.9716,77.5946,03-09-2025 16:40,372.5,0.97,88.1,169.8,54.2,24.1,22.8
1,Delhi,28.7041,77.1025,03-09-2025 16:50,424,1.29,65.7,174.6,67.9,21.6,23.3
3,Chennai,13.0827,80.2707,03-09-2025 17:00,417.3,0.67,93.1,118.4,69.6,13.1,32
1,Delhi,28.7041,77.1025,03-09-2025 17:10,354.4,0.81,86.5,155.9,47.2,14.4,31.8
4,Bengaluru,12.9716,77.5946,03-09-2025 17:20,397.8,1.12,52.7,151.8,79.4,19,18.4
3,Chennai,13.0827,80.2707,03-09-2025 17:30,437,1.08,64,144.7,29.4,13.6,40.3
1,Delhi,28.7041,77.1025,03-09-2025 17:40,402.6,0.91,72.3,167.4,31.5,19.8,40.3
5,Hyderabad,17.385,78.4867,03-09-2025 17:50,423.5,0.78,48.9,133.7,47.1,21.6,17.8
5,Hyderabad,17.385,78.4867,03-09-2025 18:00,403.4,0.83,69.3,146.1,53.5,12.7,11.3
5,Hyderabad,17.385,78.4867,03-09-2025 18:10,417.2,0.96,63.8,183,58.8,21.6,45.1
2,Mumbai,19.076,72.8777,03-09-2025 18:20,433.2,0.5,118.2,132.4,58.8,18.6,29.8
1,Delhi,28.7041,77.1025,03-09-2025 18:30,420.4,0.55,53.4,142.4,80.1,24.1,45.1
3,Chennai,13.0827,80.2707,03-09-2025 18:40,387.5,0.8,65.9,155.5,48.1,22.2,32.4
1,Delhi,28.7041,77.1025,03-09-2025 18:50,401.9,1.39,108.2,111.9,51.5,13.7,35.1
2,Mumbai,19.076,72.8777,03-09-2025 19:00,404.9,0.54,56,125.3,62.9,11.7,27.9
4,Bengaluru,12.9716,77.5946,03-09-2025 19:10,371.7,0.68,73.2,175.6,65.3,19.1,38.5
3,Chennai,13.0827,80.2707,03-09-2025 19:20,465.9,0.72,92.4,129.2,65.8,22,28.5
1,Delhi,28.7041,77.1025,03-09-2025 19:30,401.7,0.57,59.3,160.6,52.7,19.1,23.5
4,Bengaluru,12.9716,77.5946,03-09-2025 19:40,424.4,0.9,102.4,156.6,55.3,15.6,24
4,Bengaluru,12.9716,77.5946,03-09-2025 19:50,421.6,1.27,61.6,146.3,86.2,25.8,23.5
5,Hyderabad,17.385,78.4867,03-09-2025 20:00,461.2,0.8,87,142.5,43.8,24.5,31.1
5,Hyderabad,17.385,78.4867,03-09-2025 20:10,434.5,0.78,71.9,147.5,68.4,26.3,30
1,Delhi,28.7041,77.1025,03-09-2025 20:20,432.1,0.84,51.6,124.3,53.7,16.6,36.2
3,Chennai,13.0827,80.2707,03-09-2025 20:30,443.9,0.55,90.6,195.3,55.2,20.3,42.9
5,Hyderabad,17.385,78.4867,03-09-2025 20:40,388,1.03,92.6,190.1,75.4,12.3,32.9
3,Chennai,13.0827,80.2707,03-09-2025 20:50,417.4,0.84,59.1,182.5,56.4,16.4,24.4
2,Mumbai,19.076,72.8777,03-09-2025 21:00,387.8,0.79,53.6,95.6,76.6,8.6,35.3
1,Delhi,28.7041,77.1025,03-09-2025 21:10,412.4,0.95,91.4,165.5,52.6,16.2,27.9
2,Mumbai,19.076,72.8777,03-09-2025 21:20,430,0.74,104.4,156.3,72.2,24.5,27.4
3,Chennai,13.0827,80.2707,03-09-2025 21:30,402,0.97,62.1,174.7,43.9,25.6,25.1
2,Mumbai,19.076,72.8777,03-09-2025 21:40,424.6,0.76,101.9,143.1,46.8,18.6,26.6
1,Delhi,28.7041,77.1025,03-09-2025 21:50,364.5,0.86,146.4,77.8,45.5,20.2,32.7
2,Mumbai,19.076,72.8777,03-09-2025 22:00,394.2,0.77,77.8,152.7,48.6,31.8,25.9
1,Delhi,28.7041,77.1025,03-09-2025 22:10,395.6,1.09,92.6,127.6,77.2,27,24.8
5,Hyderabad,17.385,78.4867,03-09-2025 22:20,415.6,0.87,66.9,183.3,53,26.2,28.4
2,Mumbai,19.076,72.8777,03-09-2025 22:30,416.3,0.62,85.2,147,49,28.5,24.4
1,Delhi,28.7041,77.1025,03-09-2025 22:40,419,0.77,47.1,123.8,47.7,14.3,35.9
5,Hyderabad,17.385,78.4867,03-09-2025 22:50,396.2,0.45,94.1,146.5,38.9,23.6,33
3,Chennai,13.0827,80.2707,03-09-2025 23:00,425.1,0.92,75.6,145.1,53.9,21.2,26.8
5,Hyderabad,17.385,78.4867,03-09-2025 23:10,415.2,1.04,50.7,98.4,64.6,17.8,36.4
2,Mumbai,19.076,72.8777,03-09-2025 23:20,432.7,1.04,81.9,77.6,48,19.4,15.8
2,Mumbai,19.076,72.8777,03-09-2025 23:30,397,0.61,48.1,121.2,13.6,23.2,39.5
5,Hyderabad,17.385,78.4867,03-09-2025 23:40,430,0.8,95.1,155.1,74.9,14.3,45.2
5,Hyderabad,17.385,78.4867,03-09-2025 23:50,441.7,0.92,68.8,127.9,70.5,19.2,23.1
2,Mumbai,19.076,72.8777,04-09-2025 00:00,450.4,0.83,59.5,172.3,43.7,13.1,15.8
1,Delhi,28.7041,77.1025,04-09-2025 00:10,389.9,0.85,64.6,171.1,58.9,17.1,33.7
2,Mumbai,19.076,72.8777,04-09-2025 00:20,361.7,0.96,87.4,64.2,56.8,19.4,36
4,Bengaluru,12.9716,77.5946,04-09-2025 00:30,371.4,0.79,77.8,142.6,56.2,36,36.3
3,Chennai,13.0827,80.2707,04-09-2025 00:40,376.6,0.69,86.9,136.1,48,21.7,19.9
2,Mumbai,19.076,72.8777,04-09-2025 00:50,466.9,0.65,60.7,137.7,53.2,17.4,32.1
4,Bengaluru,12.9716,77.5946,04-09-2025 01:00,438.1,0.59,56.1,172.4,83.9,18.5,28.8
5,Hyderabad,17.385,78.4867,04-09-2025 01:10,415.8,1.18,78.1,103.1,61.7,15.2,38.9
1,Delhi,28.7041,77.1025,04-09-2025 01:20,412.1,0.9,105.2,100.6,39.5,21.4,27.8
4,Bengaluru,12.9716,77.5946,04-09-2025 01:30,453.4,0.6,72.6,160,28.9,22.4,24.7
4,Bengaluru,12.9716,77.5946,04-09-2025 01:40,446.6,0.67,88.5,152.5,54.4,20.7,31.3
1,Delhi,28.7041,77.1025,04-09-2025 01:50,442.7,0.9,37.2,116.2,37.8,15.3,22.3
1,Delhi,28.7041,77.1025,04-09-2025 02:00,409.7,0.68,116.4,116.7,31.1,19.5,19.7
2,Mumbai,19.076,72.8777,04-09-2025 02:10,424.1,0.56,97.4,161.3,39.4,29.6,45.5
2,Mumbai,19.076,72.8777,04-09-2025 02:20,395.1,0.78,102.5,121.6,62.4,12.4,30.6
1,Delhi,28.7041,77.1025,04-09-2025 02:30,423.2,0.74,58,113.3,45.7,22.9,19.3
5,Hyderabad,17.385,78.4867,04-09-2025 02:40,457.1,0.85,83.1,129.8,56.5,16.2,27.6
1,Delhi,28.7041,77.1025,04-09-2025 02:50,405.6,0.81,88.4,133.1,23.7,24,39.1
3,Chennai,13.0827,80.2707,04-09-2025 03:00,382.7,1.09,124.2,161.1,56,19.9,38.8
3,Chennai,13.0827,80.2707,04-09-2025 03:10,409.2,0.58,58.6,154.7,54,15.4,30.1
1,Delhi,28.7041,77.1025,04-09-2025 03:20,435.3,1.08,86.8,150.1,42,13,28.5
3,Chennai,13.0827,80.2707,04-09-2025 03:30,399.2,0.5,64.8,159.2,38.9,16.3,34.7
1,Delhi,28.7041,77.1025,04-09-2025 03:40,417.6,0.32,87.8,106.8,81.4,21.8,27.8
2,Mumbai,19.076,72.8777,04-09-2025 03:50,422.3,0.57,89.3,146,70.6,16.7,26.5
4,Bengaluru,12.9716,77.5946,04-09-2025 04:00,407.8,1.09,65.9,131.1,73.5,19.6,25.8
3,Chennai,13.0827,80.2707,04-09-2025 04:10,417.2,0.66,101.9,76.8,32.6,14.6,33.6
5,Hyderabad,17.385,78.4867,04-09-2025 04:20,455.4,1.12,114.9,133.4,36,24.3,32.1
4,Bengaluru,12.9716,77.5946,04-09-2025 04:30,420.8,0.69,111.9,115.1,58.6,16.3,28.8
2,Mumbai,19.076,72.8777,04-09-2025 04:40,435.8,0.93,76.1,155.5,61.5,23.8,21.1
1,Delhi,28.7041,77.1025,04-09-2025 04:50,401.9,0.67,74.2,119.1,95.3,19.9,47
5,Hyderabad,17.385,78.4867,04-09-2025 05:00,374.3,0.83,93.8,201.9,52.3,26,43.5
3,Chennai,13.0827,80.2707,04-09-2025 05:10,435.8,0.99,54.2,165.5,65.2,15.5,31.6
5,Hyderabad,17.385,78.4867,04-09-2025 05:20,383.5,1.14,106,168.7,65.7,21.9,28.1
1,Delhi,28.7041,77.1025,04-09-2025 05:30,394.1,0.78,76.4,112.4,35.4,15.8,24.7
2,Mumbai,19.076,72.8777,04-09-2025 05:40,433.4,0.69,58.4,161.1,55,5.7,20.7
1,Delhi,28.7041,77.1025,04-09-2025 05:50,422,0.72,56.1,128.6,29.9,22,37.6
3,Chennai,13.0827,80.2707,04-09-2025 06:00,428.5,0.96,100.8,138.2,73.3,17.2,36.9
3,Chennai,13.0827,80.2707,04-09-2025 06:10,401.8,0.59,55.9,71.3,24.8,20.3,32.9
1,Delhi,28.7041,77.1025,04-09-2025 06:20,417,0.85,114.8,128.8,37.2,30.6,20.1
1,Delhi,28.7041,77.1025,04-09-2025 06:30,402.8,0.67,59.7,123.5,24,22.1,43.4
4,Bengaluru,12.9716,77.5946,04-09-2025 06:40,373.1,1.18,71.3,130,77.3,22.4,43.6
1,Delhi,28.7041,77.1025,04-09-2025 06:50,432,0.89,90.5,134,43.3,28.3,33.3
4,Bengaluru,12.9716,77.5946,04-09-2025 07:00,466.5,0.86,86.6,129.8,74.2,5.5,47.8
4,Bengaluru,12.9716,77.5946,04-09-2025 07:10,460.2,0.5,76.5,142.8,72.3,18.3,25.3
3,Chennai,13.0827,80.2707,04-09-2025 07:20,380.2,0.79,68.2,183.9,55,22.3,27
4,Bengaluru,12.9716,77.5946,04-09-2025 07:30,446,0.82,89.3,160.5,42.3,23.9,37.4
5,Hyderabad,17.385,78.4867,04-09-2025 07:40,423.3,0.79,79.7,181.3,26.6,21.6,25.8
4,Bengaluru,12.9716,77.5946,04-09-2025 07:50,409.2,0.81,74.1,133.1,40.7,24.2,17.3
3,Chennai,13.0827,80.2707,04-09-2025 08:00,389.3,0.57,80.5,75.1,62.5,18.1,26.9
2,Mumbai,19.076,72.8777,04-09-2025 08:10,412.3,0.62,100,122.2,63.5,26.4,12.8
2,Mumbai,19.076,72.8777,04-09-2025 08:20,416.9,0.97,70.1,177.8,42.7,20.6,43.6
5,Hyderabad,17.385,78.4867,04-09-2025 08:30,392.2,0.58,72.1,159.1,64.7,25,31.2
3,Chennai,13.0827,80.2707,04-09-2025 08:40,416.5,0.67,87.6,175.9,49.4,11,35.1
2,Mumbai,19.076,72.8777,04-09-2025 08:50,394.1,0.29,82.5,70.1,27.3,18,30.3
4,Bengaluru,12.9716,77.5946,04-09-2025 09:00,375.2,0.93,110.1,136.9,23.9,17.4,29.1
2,Mumbai,19.076,72.8777,04-09-2025 09:10,406.2,0.66,93.3,85.8,50.6,24.8,30.6
4,Bengaluru,12.9716,77.5946,04-09-2025 09:20,421.9,0.93,52.3,135.4,59.6,19.2,17.9
5,Hyderabad,17.385,78.4867,04-09-2025 09:30,441.5,0.96,84.4,116.8,51.7,25,38.9
1,Delhi,28.7041,77.1025,04-09-2025 09:40,451.8,1.02,72.7,144,43.5,23.1,31.4
5,Hyderabad,17.385,78.4867,04-09-2025 09:50,421.6,0.84,85,210.3,44.4,15.3,32.5
1,Delhi,28.7041,77.1025,04-09-2025 10:00,382.1,0.73,72,167.4,46.9,20.3,38.9
5,Hyderabad,17.385,78.4867,04-09-2025 10:10,401.6,0.58,43.5,81.5,29.9,18.4,36.7
1,Delhi,28.7041,77.1025,04-09-2025 10:20,435.4,0.84,102.9,133.9,57,20.9,31.7
2,Mumbai,19.076,72.8777,04-09-2025 10:30,406.3,0.94,120.2,148.8,62.3,21.4,39.4
2,Mumbai,19.076,72.8777,04-09-2025 10:40,441.7,0.67,83.8,150.6,65.1,23.3,34.9
4,Bengaluru,12.9716,77.5946,04-09-2025 10:50,417.2,0.64,87.9,170.5,70.7,21.6,40.2
4,Bengaluru,12.9716,77.5946,04-09-2025 11:00,414.1,1.13,110,122.7,67,20.6,27.2
3,Chennai,13.0827,80.2707,04-09-2025 11:10,441.4,0.81,68.4,140.1,48,17.7,24.2
4,Bengaluru,12.9716,77.5946,04-09-2025 11:20,436.8,0.91,40.4,150.2,56.5,18.2,19.4
5,Hyderabad,17.385,78.4867,04-09-2025 11:30,424,0.88,82.9,141,45.6,15,42.6
5,Hyderabad,17.385,78.4867,04-09-2025 11:40,372.7,1.36,69.1,150.9,57.7,25,38.7
3,Chennai,13.0827,80.2707,04-09-2025 11:50,411.3,0.74,83.6,171.1,95.2,21.1,42.4
2,Mumbai,19.076,72.8777,04-09-2025 12:00,406,0.89,63.2,118.3,65.4,16.7,35.5
3,Chennai,13.0827,80.2707,04-09-2025 12:10,485,1.18,89.7,161.3,74.6,29.5,26.5
3,Chennai,13.0827,80.2707,04-09-2025 12:20,422.9,0.49,79.9,129.7,59.2,28.1,13.3
1,Delhi,28.7041,77.1025,04-09-2025 12:30,430.1,0.93,68.1,105.2,60.9,21.7,43.4
4,Bengaluru,12.9716,77.5946,04-09-2025 12:40,456.9,0.74,28.8,162.2,65,27.3,30
2,Mumbai,19.076,72.8777,04-09-2025 12:50,432.2,0.79,73.9,168.6,74.6,11,25.1
4,Bengaluru,12.9716,77.5946,04-09-2025 13:00,468.9,0.85,103.1,158.7,49.2,21,44.3
2,Mumbai,19.076,72.8777,04-09-2025 13:10,424.3,1.04,128.3,146.6,48.8,12.6,30.1
5,Hyderabad,17.385,78.4867,04-09-2025 13:20,443.2,1.1,57.4,146.4,66.9,16.8,42.1
4,Bengaluru,12.9716,77.5946,04-09-2025 13:30,403.5,0.76,65.6,146.4,50.4,21.9,32.9
2,Mumbai,19.076,72.8777,04-09-2025 13:40,423.3,0.51,66.1,132.4,66.8,25,33.4
1,Delhi,28.7041,77.1025,04-09-2025 13:50,475.6,0.81,96.2,138.4,72.6,21.2,46.1
3,Chennai,13.0827,80.2707,04-09-2025 14:00,417.2,0.96,97.9,156.2,65.3,18.9,28.7
2,Mumbai,19.076,72.8777,04-09-2025 14:10,407.1,1.02,61.1,165.2,46.4,25,30.5
3,Chennai,13.0827,80.2707,04-09-2025 14:20,388,0.85,90.8,116.4,37.5,18,28
1,Delhi,28.7041,77.1025,04-09-2025 14:30,429.9,0.83,88.8,135,54.4,23.8,34.7
4,Bengaluru,12.9716,77.5946,04-09-2025 14:40,399.7,1.05,87.5,142.2,69.9,10.3,26.9
5,Hyderabad,17.385,78.4867,04-09-2025 14:50,413,0.54,82.2,178.9,51.5,23.7,30.1
5,Hyderabad,17.385,78.4867,04-09-2025 15:00,446.6,0.98,87.9,91.1,64.8,13.1,37
5,Hyderabad,17.385,78.4867,04-09-2025 15:10,360.8,0.75,65.9,124.9,24.9,21,32.7
5,Hyderabad,17.385,78.4867,04-09-2025 15:20,378,0.93,114.3,125.2,40.3,31.2,41
2,Mumbai,19.076,72.8777,04-09-2025 15:30,446,0.74,57.2,151.6,32.4,22.4,39.4
4,Bengaluru,12.9716,77.5946,04-09-2025 15:40,402.1,0.75,67.7,167.6,50.9,23.2,20.8
1,Delhi,28.7041,77.1025,04-09-2025 15:50,451.2,0.63,75.9,138.9,59.2,15.7,30
1,Delhi,28.7041,77.1025,04-09-2025 16:00,444.3,0.79,107.2,165.1,39.6,25.8,33.9
4,Bengaluru,12.9716,77.5946,04-09-2025 16:10,400.4,0.96,80.4,159.7,40.1,29.4,27.1
4,Bengaluru,12.9716,77.5946,04-09-2025 16:20,385.6,0.61,88,116.9,39.4,18.9,32
5,Hyderabad,17.385,78.4867,04-09-2025 16:30,408.5,0.82,78.2,116,57.4,16.4,37
3,Chennai,13.0827,80.2707,04-09-2025 16:40,387.1,0.88,95.3,121.4,59.4,19.4,24.6
4,Bengaluru,12.9716,77.5946,04-09-2025 16:50,428.7,1.01,74.5,119.6,35.4,22.7,32.6
5,Hyderabad,17.385,78.4867,04-09-2025 17:00,423.3,0.5,84.3,32.7,35.1,22.6,23.4
1,Delhi,28.7041,77.1025,04-09-2025 17:10,401.2,0.65,39.1,104.4,42.9,22.8,29.6
1,Delhi,28.7041,77.1025,04-09-2025 17:20,401.3,0.81,118.1,110.8,66.5,20.9,33.2
5,Hyderabad,17.385,78.4867,04-09-2025 17:30,381.4,0.62,90.9,116.7,63.3,21.8,26
1,Delhi,28.7041,77.1025,04-09-2025 17:40,461,0.65,73.8,134.6,55.1,28.7,26.1
5,Hyderabad,17.385,78.4867,04-09-2025 17:50,425.1,0.92,91.3,172.7,63.7,14.4,11
2,Mumbai,19.076,72.8777,04-09-2025 18:00,413.3,0.73,76.6,151.9,66.4,18.9,32.3
2,Mumbai,19.076,72.8777,04-09-2025 18:10,399.7,1,142.9,148.3,70.8,24.7,24.9
2,Mumbai,19.076,72.8777,04-09-2025 18:20,411.4,0.56,111,145.3,61.7,8.6,40.1
3,Chennai,13.0827,80.2707,04-09-2025 18:30,396.1,1.07,87.2,143.7,78.7,22.3,29.5
4,Bengaluru,12.9716,77.5946,04-09-2025 18:40,436.6,0.84,73,164.4,69.7,24.8,27.6
4,Bengaluru,12.9716,77.5946,04-09-2025 18:50,431.4,0.66,95.5,153.8,27.9,22.8,27.5
5,Hyderabad,17.385,78.4867,04-09-2025 19:00,429.3,0.84,79.5,169.9,64.9,9.7,27
1,Delhi,28.7041,77.1025,04-09-2025 19:10,435.2,0.83,67.9,152.6,57.1,18.5,25.3
4,Bengaluru,12.9716,77.5946,04-09-2025 19:20,423,0.76,84.3,76.6,35.4,17.5,35.9
2,Mumbai,19.076,72.8777,04-09-2025 19:30,427.3,0.85,89.9,153.8,52.7,17.3,16.1
3,Chennai,13.0827,80.2707,04-09-2025 19:40,424.7,0.83,59.2,127.6,78,15,26.5
2,Mumbai,19.076,72.8777,04-09-2025 19:50,409.9,0.88,73.3,200.3,44.2,17,34.7
1,Delhi,28.7041,77.1025,04-09-2025 20:00,443,0.71,119.2,142.3,19.4,16.1,28.5
1,Delhi,28.7041,77.1025,04-09-2025 20:10,396.9,0.75,100.7,114.1,41.9,22.8,10.3
3,Chennai,13.0827,80.2707,04-09-2025 20:20,407.4,0.94,78.9,77.3,31.9,13.5,22
3,Chennai,13.0827,80.2707,04-09-2025 20:30,410.9,0.52,59.6,133.7,51.3,21.3,30.8
2,Mumbai,19.076,72.8777,04-09-2025 20:40,398.2,0.87,61.4,73.1,38.2,21.3,17.5
4,Bengaluru,12.9716,77.5946,04-09-2025 20:50,444,0.62,72.1,183.9,50.1,20,33.6
4,Bengaluru,12.9716,77.5946,04-09-2025 21:00,402.5,0.73,91.1,130.6,76.9,26.6,26.2
4,Bengaluru,12.9716,77.5946,04-09-2025 21:10,460.5,0.97,53.9,139.7,69.8,12.1,38.1
3,Chennai,13.0827,80.2707,04-09-2025 21:20,399.6,0.97,56,133,56.7,18,22
1,Delhi,28.7041,77.1025,04-09-2025 21:30,428.9,0.4,56.8,153.1,81,21.1,39.3
5,Hyderabad,17.385,78.4867,04-09-2025 21:40,425.5,0.77,58.1,145,62.9,19.2,28.5
1,Delhi,28.7041,77.1025,04-09-2025 21:50,397.5,0.48,103.8,129.5,70.9,27.4,30.8
2,Mumbai,19.076,72.8777,04-09-2025 22:00,447.7,0.61,71.6,129.2,59.7,13.7,39.8
3,Chennai,13.0827,80.2707,04-09-2025 22:10,417.7,0.79,92.7,101.3,38.2,29.6,42.9
5,Hyderabad,17.385,78.4867,04-09-2025 22:20,418.9,0.45,91.8,147.1,65,16.7,30.2
4,Bengaluru,12.9716,77.5946,04-09-2025 22:30,437,0.91,77.5,145.7,62.2,30.8,38.9
5,Hyderabad,17.385,78.4867,04-09-2025 22:40,421.1,0.81,81.1,126.7,55,22.4,33
5,Hyderabad,17.385,78.4867,04-09-2025 22:50,375.8,0.45,79,174.5,66.4,23.3,42.2
3,Chennai,13.0827,80.2707,04-09-2025 23:00,443.6,0.74,57,120.9,54.8,17.9,39.2
5,Hyderabad,17.385,78.4867,04-09-2025 23:10,470.2,0.86,65.3,82.3,85.9,4.8,26.6
2,Mumbai,19.076,72.8777,04-09-2025 23:20,437.1,0.5,54.7,171.3,77.6,23.9,24.4
1,Delhi,28.7041,77.1025,04-09-2025 23:30,413,0.72,79.4,144.2,42,24.6,9.1
3,Chennai,13.0827,80.2707,04-09-2025 23:40,436.7,0.59,68.2,184.3,75,8.4,31.8
1,Delhi,28.7041,77.1025,04-09-2025 23:50,444.5,0.95,69.8,132.4,62.6,25.1,26.4
2,Mumbai,19.076,72.8777,05-09-2025 00:00,419.6,0.41,88.8,175.8,79.4,23.3,31.5
2,Mumbai,19.076,72.8777,05-09-2025 00:10,390.3,0.95,49.1,121.3,63,17,38.3
5,Hyderabad,17.385,78.4867,05-09-2025 00:20,434,0.8,77.9,161.2,45.7,16.1,14.9
4,Bengaluru,12.9716,77.5946,05-09-2025 00:30,390.6,0.49,68.3,160.2,50,18.6,35.7
1,Delhi,28.7041,77.1025,05-09-2025 00:40,363.9,0.67,92.1,134.8,33,26.2,38.6
1,Delhi,28.7041,77.1025,05-09-2025 00:50,469.2,0.88,115.5,128.8,38.7,29,35.6
5,Hyderabad,17.385,78.4867,05-09-2025 01:00,397,0.86,80.7,195.2,36.1,16.6,32.7
5,Hyderabad,17.385,78.4867,05-09-2025 01:10,401.6,0.59,62.5,185,56,22.6,32
5,Hyderabad,17.385,78.4867,05-09-2025 01:20,438.7,0.37,67.9,170.9,63.9,17.3,34.6
5,Hyderabad,17.385,78.4867,05-09-2025 01:30,383,0.92,65.3,163.4,38,22.3,36.1
3,Chennai,13.0827,80.2707,05-09-2025 01:40,441.2,1.01,40.4,176.6,61.6,22.5,31.4
2,Mumbai,19.076,72.8777,05-09-2025 01:50,430,0.93,75.4,126,52.8,12.6,19.7
2,Mumbai,19.076,72.8777,05-09-2025 02:00,422,0.68,121.5,130.6,53,19.2,38.5
4,Bengaluru,12.9716,77.5946,05-09-2025 02:10,402.6,0.89,81.1,102.8,56.4,24.9,23.8
3,Chennai,13.0827,80.2707,05-09-2025 02:20,411.5,1.01,56.6,132.8,45.3,25.5,33.9
1,Delhi,28.7041,77.1025,05-09-2025 02:30,393.7,0.5,69.1,145.3,73.8,24.8,29.4
5,Hyderabad,17.385,78.4867,05-09-2025 02:40,390.6,0.78,94.3,103.1,57.1,25.2,23.7
4,Bengaluru,12.9716,77.5946,05-09-2025 02:50,431.5,0.96,92.3,113.9,52.1,22.9,22.7
5,Hyderabad,17.385,78.4867,05-09-2025 03:00,387.6,0.69,108.9,139.2,56.6,15.5,27.7
3,Chennai,13.0827,80.2707,05-09-2025 03:10,440.8,0.96,98.3,184.9,53.6,15.9,29.3
5,Hyderabad,17.385,78.4867,05-09-2025 03:20,443.5,0.6,111.6,124,58.9,15.4,27.7
2,Mumbai,19.076,72.8777,05-09-2025 03:30,440.3,0.87,69.5,135.1,39.5,27.5,43.6
2,Mumbai,19.076,72.8777,05-09-2025 03:40,431.2,0.74,65.2,150.9,55.3,13.4,27.5
1,Delhi,28.7041,77.1025,05-09-2025 03:50,416.9,0.82,32.4,198.7,41.1,9.2,39.7
5,Hyderabad,17.385,78.4867,05-09-2025 04:00,428,0.93,97.9,131.3,48.4,22.5,25.2
3,Chennai,13.0827,80.2707,05-09-2025 04:10,381,0.76,107.1,123.4,41.5,25.2,21.5
1,Delhi,28.7041,77.1025,05-09-2025 04:20,389.8,1.07,76.2,116.4,52.2,24.8,15.4
1,Delhi,28.7041,77.1025,05-09-2025 04:30,421.4,0.97,93,149.7,85.9,21.4,34.1
5,Hyderabad,17.385,78.4867,05-09-2025 04:40,427.9,0.77,39,113.2,34.6,11,33.3
5,Hyderabad,17.385,78.4867,05-09-2025 04:50,378.9,0.88,56.3,148.6,64.4,24.4,31.9
1,Delhi,28.7041,77.1025,05-09-2025 05:00,456.7,0.37,44.7,162.7,53.3,21.2,33.7
2,Mumbai,19.076,72.8777,05-09-2025 05:10,414.3,1.23,78.7,145.5,81.6,16.2,19.2
4,Bengaluru,12.9716,77.5946,05-09-2025 05:20,422.1,1.04,66.1,161.6,50.3,28.5,28.7
2,Mumbai,19.076,72.8777,05-09-2025 05:30,396.2,0.8,70.9,134.4,70,19.9,25
5,Hyderabad,17.385,78.4867,05-09-2025 05:40,374.3,1.19,103.2,150.3,25.9,18,11.9
3,Chennai,13.0827,80.2707,05-09-2025 05:50,432.3,0.77,101.8,100,39.3,15.9,37.8
5,Hyderabad,17.385,78.4867,05-09-2025 06:00,431,0.64,65.3,104.6,49.4,20.8,20.4
5,Hyderabad,17.385,78.4867,05-09-2025 06:10,458.9,0.8,101,111.1,47.7,12.3,23.5
3,Chennai,13.0827,80.2707,05-09-2025 06:20,401.2,0.6,90.6,137.9,67.7,10.4,24
3,Chennai,13.0827,80.2707,05-09-2025 06:30,434,0.64,53.6,156.2,49.4,30,26.5
3,Chennai,13.0827,80.2707,05-09-2025 06:40,427.5,0.75,74.4,122.9,69.6,15.3,33.1
1,Delhi,28.7041,77.1025,05-09-2025 06:50,372.4,0.99,62.1,102.4,70.8,14.9,31.6
5,Hyderabad,17.385,78.4867,05-09-2025 07:00,450.9,0.78,64,178.4,54,20.6,40.4
1,Delhi,28.7041,77.1025,05-09-2025 07:10,433.5,0.89,108.7,112.1,47.2,18.4,15.8
1,Delhi,28.7041,77.1025,05-09-2025 07:20,416.4,0.84,104.1,208.1,47.1,14.5,28.9
5,Hyderabad,17.385,78.4867,05-09-2025 07:30,441.7,0.72,86,135.6,65.7,19.1,36.1
3,Chennai,13.0827,80.2707,05-09-2025 07:40,396.1,0.72,108.3,149.4,38,17.7,17.6
1,Delhi,28.7041,77.1025,05-09-2025 07:50,443,0.65,49.1,102.2,55.7,27,29.6
3,Chennai,13.0827,80.2707,05-09-2025 08:00,437.9,0.86,46.1,107.4,35.7,25.2,26.4
2,Mumbai,19.076,72.8777,05-09-2025 08:10,443.2,0.67,95.7,174.2,55.1,21.9,37.8
3,Chennai,13.0827,80.2707,05-09-2025 08:20,430.6,1.13,37.9,150.2,61.7,18.5,18.1
4,Bengaluru,12.9716,77.5946,05-09-2025 08:30,388.8,0.87,81.2,173.7,34.8,19,24.4
5,Hyderabad,17.385,78.4867,05-09-2025 08:40,431,0.74,78,123.1,39.4,14.7,27.8
2,Mumbai,19.076,72.8777,05-09-2025 08:50,459.5,0.9,45.9,108.6,70.8,22.2,24
1,Delhi,28.7041,77.1025,05-09-2025 09:00,436.8,1.1,70.9,145.5,53,21.2,41.8
4,Bengaluru,12.9716,77.5946,05-09-2025 09:10,404.9,0.67,78.1,145.9,39.9,14.4,25.8
3,Chennai,13.0827,80.2707,05-09-2025 09:20,417.8,0.92,110.9,179.4,57.2,15.4,29.4
2,Mumbai,19.076,72.8777,05-09-2025 09:30,428.7,0.71,76.1,171.3,46.3,24.8,6.5
4,Bengaluru,12.9716,77.5946,05-09-2025 09:40,481.7,0.67,68.2,192.1,26,21.6,19.6
3,Chennai,13.0827,80.2707,05-09-2025 09:50,445.6,0.87,97.5,191.1,58.7,19.9,24.4
3,Chennai,13.0827,80.2707,05-09-2025 10:00,425,0.77,103.1,131.2,51.5,12.6,58.2
1,Delhi,28.7041,77.1025,05-09-2025 10:10,449,0.77,54.9,110.1,57.2,22,29.2
3,Chennai,13.0827,80.2707,05-09-2025 10:20,406.2,0.52,98,134.4,75.6,24.9,39
5,Hyderabad,17.385,78.4867,05-09-2025 10:30,461.8,1.04,93,167.1,20.5,9.8,25.3
1,Delhi,28.7041,77.1025,05-09-2025 10:40,388.4,0.76,117.9,181,39,6.7,32.4
1,Delhi,28.7041,77.1025,05-09-2025 10:50,334,0.62,55.5,108.5,48.5,24.8,23
5,Hyderabad,17.385,78.4867,05-09-2025 11:00,386.8,0.54,108.7,158.9,49.8,24.6,34.6
2,Mumbai,19.076,72.8777,05-09-2025 11:10,445.8,1.21,84,103.1,34.1,13.3,47.7
4,Bengaluru,12.9716,77.5946,05-09-2025 11:20,415.7,1.28,96.1,110,43,14.5,33.6
2,Mumbai,19.076,72.8777,05-09-2025 11:30,459.3,0.72,81.2,162.3,42.6,21.7,28.3
1,Delhi,28.7041,77.1025,05-09-2025 11:40,403.6,0.96,84.7,119.7,53.9,24.9,23.8
1,Delhi,28.7041,77.1025,05-09-2025 11:50,420.5,1.02,63,172.2,35.2,21.4,28.7
1,Delhi,28.7041,77.1025,05-09-2025 12:00,421.5,0.89,94.8,194.5,58.6,18.1,35.6
5,Hyderabad,17.385,78.4867,05-09-2025 12:10,404.9,0.8,103.4,142.7,36.3,16.8,37.8
4,Bengaluru,12.9716,77.5946,05-09-2025 12:20,427.7,0.86,103.6,95.3,50.8,18.5,19.8
4,Bengaluru,12.9716,77.5946,05-09-2025 12:30,452.2,0.5,28.3,121.5,63.9,13.9,28.8
3,Chennai,13.0827,80.2707,05-09-2025 12:40,422.1,1.38,91.6,167.5,64.7,14.4,39.3
2,Mumbai,19.076,72.8777,05-09-2025 12:50,462.3,0.98,81.7,145.4,59.7,29.9,36.8
4,Bengaluru,12.9716,77.5946,05-09-2025 13:00,421.7,0.79,111.3,178.7,56.8,18.4,46.8
1,Delhi,28.7041,77.1025,05-09-2025 13:10,374.3,0.47,100,164,55.7,21.2,27.6
4,Bengaluru,12.9716,77.5946,05-09-2025 13:20,416.7,0.79,99.2,127.3,41.3,11.8,25.4
2,Mumbai,19.076,72.8777,05-09-2025 13:30,422.3,0.71,71.1,134.8,51.1,20.9,28.6
3,Chennai,13.0827,80.2707,05-09-2025 13:40,413.4,1.1,80.8,118.5,57.9,23.7,33.2
3,Chennai,13.0827,80.2707,05-09-2025 13:50,427.8,0.77,106.5,131.6,45.1,23.4,27.7
2,Mumbai,19.076,72.8777,05-09-2025 14:00,423.2,0.4,94.5,69.1,63.2,15.7,30.1
4,Bengaluru,12.9716,77.5946,05-09-2025 14:10,451.4,0.72,114.1,166.1,63,15.3,18.8
3,Chennai,13.0827,80.2707,05-09-2025 14:20,433.4,1.33,58.9,107,52.1,20.1,34.2
2,Mumbai,19.076,72.8777,05-09-2025 14:30,414.6,0.63,85.3,95.2,61.6,15.2,46.7
1,Delhi,28.7041,77.1025,05-09-2025 14:40,461.5,1.05,96.9,124.5,83.4,22.5,24.5
1,Delhi,28.7041,77.1025,05-09-2025 14:50,448.7,0.57,94.8,116.1,57.9,17.2,31.5
2,Mumbai,19.076,72.8777,05-09-2025 15:00,401.2,0.75,74.3,81.2,47.8,21.8,26.3
5,Hyderabad,17.385,78.4867,05-09-2025 15:10,412.4,0.55,108.4,110.6,32.9,24.3,29
3,Chennai,13.0827,80.2707,05-09-2025 15:20,451.8,0.66,85.1,179.1,36.2,28.2,18.9
4,Bengaluru,12.9716,77.5946,05-09-2025 15:30,442.5,0.79,77.9,142,66.4,20.8,25
3,Chennai,13.0827,80.2707,05-09-2025 15:40,408.5,0.9,89.5,157.2,35.2,26.9,28.6
3,Chennai,13.0827,80.2707,05-09-2025 15:50,419.3,1.28,96.4,144.3,42.6,19.5,30.7
4,Bengaluru,12.9716,77.5946,05-09-2025 16:00,429.8,0.62,98.7,138.6,60.3,16.4,34.2
2,Mumbai,19.076,72.8777,05-09-2025 16:10,422.1,0.98,49,144.4,65.8,17.7,39.9
4,Bengaluru,12.9716,77.5946,05-09-2025 16:20,445.4,0.39,75.2,159.8,65.1,21.6,24.4
5,Hyderabad,17.385,78.4867,05-09-2025 16:30,367.8,1.2,58.8,147.3,67.7,11.6,16
1,Delhi,28.7041,77.1025,05-09-2025 16:40,446.2,1.01,87.2,154.6,53.5,26.4,36.9
2,Mumbai,19.076,72.8777,05-09-2025 16:50,430.3,0.8,92.1,159.1,74,17.9,36.6
1,Delhi,28.7041,77.1025,05-09-2025 17:00,424.2,1.05,70.5,148.6,44.2,19.8,35.4
1,Delhi,28.7041,77.1025,05-09-2025 17:10,412.5,0.84,51.8,102.6,26.3,19,39.7
1,Delhi,28.7041,77.1025,05-09-2025 17:20,432.4,0.81,78.8,150,61,20.9,17.3
4,Bengaluru,12.9716,77.5946,05-09-2025 17:30,415.5,0.52,85.4,89.3,60.8,31.3,16.6
1,Delhi,28.7041,77.1025,05-09-2025 17:40,437.3,0.99,99.4,191.8,39.6,14.8,33.5
1,Delhi,28.7041,77.1025,05-09-2025 17:50,464.4,0.67,64.1,142.5,55.6,25.7,44.8
2,Mumbai,19.076,72.8777,05-09-2025 18:00,388.1,0.54,89.5,168.4,49.8,22.8,39.7
3,Chennai,13.0827,80.2707,05-09-2025 18:10,396.5,0.56,66.4,128.1,56.1,26.4,23.4
5,Hyderabad,17.385,78.4867,05-09-2025 18:20,427.8,0.91,45.9,129.1,60.2,27.1,23.1
2,Mumbai,19.076,72.8777,05-09-2025 18:30,416.8,0.86,47.8,163.7,75.4,15.8,20.2
3,Chennai,13.0827,80.2707,05-09-2025 18:40,421.3,0.8,104.3,155.4,64.1,16.7,33.6
5,Hyderabad,17.385,78.4867,05-09-2025 18:50,457.5,0.56,67.5,155.4,83.3,19,17.6
4,Bengaluru,12.9716,77.5946,05-09-2025 19:00,415.5,1.14,83.6,151.8,62.5,15.7,24.2
1,Delhi,28.7041,77.1025,05-09-2025 19:10,434.9,0.55,59.9,163.2,89,28,35.1
5,Hyderabad,17.385,78.4867,05-09-2025 19:20,438,0.82,58.3,112.4,78.4,17.3,32.1
2,Mumbai,19.076,72.8777,05-09-2025 19:30,417,0.92,90.2,97,49.8,21.2,41.5
5,Hyderabad,17.385,78.4867,05-09-2025 19:40,407,0.6,64.6,103.1,69.4,27.7,31.3
1,Delhi,28.7041,77.1025,05-09-2025 19:50,440.3,0.84,59.8,172.4,73.3,22.3,35.8
5,Hyderabad,17.385,78.4867,05-09-2025 20:00,378.2,0.48,109,129.4,68.6,25.3,18.6
5,Hyderabad,17.385,78.4867,05-09-2025 20:10,429.3,0.69,88,106.6,56.1,22.5,17.9
5,Hyderabad,17.385,78.4867,05-09-2025 20:20,382.6,0.79,72.3,118.9,70,20,20.3
1,Delhi,28.7041,77.1025,05-09-2025 20:30,449.5,0.96,35.1,136.1,61.6,27.5,28
1,Delhi,28.7041,77.1025,05-09-2025 20:40,423.3,0.69,61.2,135.5,44,23.8,27.2
1,Delhi,28.7041,77.1025,05-09-2025 20:50,414,0.65,69.1,131,37.7,16.3,24.8
2,Mumbai,19.076,72.8777,05-09-2025 21:00,423.6,0.92,107.8,163.3,56,15.5,46.2
3,Chennai,13.0827,80.2707,05-09-2025 21:10,421.4,0.63,90.7,145.6,46.6,27.8,29.3
5,Hyderabad,17.385,78.4867,05-09-2025 21:20,387.1,0.9,102.1,163.5,48.5,27.9,31.5
3,Chennai,13.0827,80.2707,05-09-2025 21:30,398.9,1.09,47.8,133.7,59.6,14.8,33.2
4,Bengaluru,12.9716,77.5946,05-09-2025 21:40,457.3,0.97,78.8,140.9,2.5,21.6,30
5,Hyderabad,17.385,78.4867,05-09-2025 21:50,414.9,0.93,71.5,151.6,55.4,19.2,35
3,Chennai,13.0827,80.2707,05-09-2025 22:00,375.2,0.67,85.8,109.1,49.5,17.6,22.8
1,Delhi,28.7041,77.1025,05-09-2025 22:10,427.4,0.8,50.9,168.9,56.3,11.7,22.1
2,Mumbai,19.076,72.8777,05-09-2025 22:20,426.3,0.66,69.5,193.9,57.1,23.1,29.1
1,Delhi,28.7041,77.1025,05-09-2025 22:30,436.5,0.82,70.3,142,59.8,20.3,29.6
2,Mumbai,19.076,72.8777,05-09-2025 22:40,421.8,0.58,83.3,161.9,60.5,24.7,38.9
3,Chennai,13.0827,80.2707,05-09-2025 22:50,441.2,0.98,68.3,145.8,48.2,18.9,5.9
4,Bengaluru,12.9716,77.5946,05-09-2025 23:00,397.7,0.49,93.2,162.1,67.3,15.2,49.8
1,Delhi,28.7041,77.1025,05-09-2025 23:10,421.5,0.6,82,136.9,67.2,19.5,24.9
1,Delhi,28.7041,77.1025,05-09-2025 23:20,442.8,0.88,84.5,177.3,42.5,13.8,37.4
3,Chennai,13.0827,80.2707,05-09-2025 23:30,419.7,1,86.2,122.3,41.9,14.6,41
4,Bengaluru,12.9716,77.5946,05-09-2025 23:40,395.3,0.96,90,153,73,22.5,34.5
5,Hyderabad,17.385,78.4867,05-09-2025 23:50,464.1,0.81,68.2,118,65.7,20.7,21.6
4,Bengaluru,12.9716,77.5946,06-09-2025 00:00,396.6,0.63,87.6,193.1,34.8,14.7,39.6
2,Mumbai,19.076,72.8777,06-09-2025 00:10,424.1,0.68,80.1,139.5,58.2,28.2,32.5
4,Bengaluru,12.9716,77.5946,06-09-2025 00:20,411.3,0.76,81.7,81.6,71.6,16.7,30.2
5,Hyderabad,17.385,78.4867,06-09-2025 00:30,434.3,0.8,100.5,136.8,49.2,23,23
3,Chennai,13.0827,80.2707,06-09-2025 00:40,421.2,0.38,50.1,157.8,54.5,12.9,20.4
4,Bengaluru,12.9716,77.5946,06-09-2025 00:50,436.3,0.64,67.7,135.2,24,11.5,32.4
5,Hyderabad,17.385,78.4867,06-09-2025 01:00,444.4,0.81,81.4,147.8,58.8,15.7,34.2
3,Chennai,13.0827,80.2707,06-09-2025 01:10,477.2,1.02,101,119.8,56,13,25.2
5,Hyderabad,17.385,78.4867,06-09-2025 01:20,390.4,0.74,121.2,152.9,52.4,24.8,32.4
4,Bengaluru,12.9716,77.5946,06-09-2025 01:30,447.3,0.9,82.3,138.3,44.1,20.7,29.3
5,Hyderabad,17.385,78.4867,06-09-2025 01:40,453,0.89,47.4,120,63.1,23.9,30.4
4,Bengaluru,12.9716,77.5946,06-09-2025 01:50,406.9,1,55.9,107.8,36.8,16.7,9.3
2,Mumbai,19.076,72.8777,06-09-2025 02:00,426.6,0.67,81.3,138.7,66.1,21,24.9
5,Hyderabad,17.385,78.4867,06-09-2025 02:10,411.7,1.26,53.9,132.2,53.4,15.3,29.7
2,Mumbai,19.076,72.8777,06-09-2025 02:20,435.1,0.7,76.5,127.3,78.2,25.3,36.2
2,Mumbai,19.076,72.8777,06-09-2025 02:30,417.4,0.43,119.8,127.8,88.6,21.8,22.7
4,Bengaluru,12.9716,77.5946,06-09-2025 02:40,425.2,0.88,81.4,155.1,65,16.6,39.5
5,Hyderabad,17.385,78.4867,06-09-2025 02:50,395.4,0.75,51.8,146.9,67.5,16.2,18.4
5,Hyderabad,17.385,78.4867,06-09-2025 03:00,399.7,0.9,72.8,72.9,39,19.1,35.2
2,Mumbai,19.076,72.8777,06-09-2025 03:10,441.4,0.79,86,154,64.2,15.8,26
5,Hyderabad,17.385,78.4867,06-09-2025 03:20,409.7,0.97,87.8,133.2,53.3,24.5,26.2
5,Hyderabad,17.385,78.4867,06-09-2025 03:30,417.1,0.84,98.1,153.9,59.7,13.3,43.4
2,Mumbai,19.076,72.8777,06-09-2025 03:40,422.1,0.58,90.8,100.2,19.9,18.7,24.6
2,Mumbai,19.076,72.8777,06-09-2025 03:50,405.5,1,81,141,51.8,17.9,26.1
3,Chennai,13.0827,80.2707,06-09-2025 04:00,413.3,0.73,62.9,130.4,62.4,19.2,32.6
5,Hyderabad,17.385,78.4867,06-09-2025 04:10,452.6,0.55,74.2,135,78.5,15.8,11.6
1,Delhi,28.7041,77.1025,06-09-2025 04:20,458.2,1.03,73.3,112.6,62.4,33.5,27.9
1,Delhi,28.7041,77.1025,06-09-2025 04:30,441,0.75,89.3,177.1,47.2,26.2,26.2
5,Hyderabad,17.385,78.4867,06-09-2025 04:40,417.5,0.74,68.2,144.9,69.7,21.3,32.6
2,Mumbai,19.076,72.8777,06-09-2025 04:50,428.8,0.77,112.2,144.4,41.4,24.6,34.8
4,Bengaluru,12.9716,77.5946,06-09-2025 05:00,439.9,0.74,56.8,115.8,38.4,22.8,41
3,Chennai,13.0827,80.2707,06-09-2025 05:10,449.9,0.61,111.3,87.8,45,20.2,21.6
2,Mumbai,19.076,72.8777,06-09-2025 05:20,372.1,0.74,69.7,136.9,33.3,16.7,30.9
4,Bengaluru,12.9716,77.5946,06-09-2025 05:30,404,0.99,69.4,149.1,51.2,16.6,41.2
2,Mumbai,19.076,72.8777,06-09-2025 05:40,436.1,0.95,65.5,134.4,62.1,17.3,43.4
1,Delhi,28.7041,77.1025,06-09-2025 05:50,420.2,0.41,86.4,141.2,52,14.9,23.4
3,Chennai,13.0827,80.2707,06-09-2025 06:00,404.2,0.75,52.6,101.8,56.2,27.3,23.9
4,Bengaluru,12.9716,77.5946,06-09-2025 06:10,465.6,0.79,77.5,122.3,62.3,25.6,23.8
3,Chennai,13.0827,80.2707,06-09-2025 06:20,387.4,0.97,70.3,200.6,34.4,17.7,23.8
2,Mumbai,19.076,72.8777,06-09-2025 06:30,351.5,0.86,106.7,109.3,66.2,22.9,15.9
1,Delhi,28.7041,77.1025,06-09-2025 06:40,419.4,0.65,61.8,100.1,57.8,21.3,30.4
1,Delhi,28.7041,77.1025,06-09-2025 06:50,407.7,0.9,61.5,85.7,55.9,21,31.3
1,Delhi,28.7041,77.1025,06-09-2025 07:00,460.8,0.83,103.7,95.9,52.6,20.4,30.2
4,Bengaluru,12.9716,77.5946,06-09-2025 07:10,377.4,0.78,69.3,155.9,72.8,20,28.2
4,Bengaluru,12.9716,77.5946,06-09-2025 07:20,408.5,0.99,114.8,173.2,67.5,18.7,16.8
1,Delhi,28.7041,77.1025,06-09-2025 07:30,388.7,0.6,76.2,118,41.3,18.1,17
4,Bengaluru,12.9716,77.5946,06-09-2025 07:40,369.8,0.55,121.4,97.2,41.2,17.2,42.2
5,Hyderabad,17.385,78.4867,06-09-2025 07:50,431,1.19,61,127.8,64.8,21.2,31.6
2,Mumbai,19.076,72.8777,06-09-2025 08:00,435.2,0.96,70.2,105.6,59.1,28.4,43.1
3,Chennai,13.0827,80.2707,06-09-2025 08:10,414.6,0.53,107.8,115.9,58,21.4,30.4
5,Hyderabad,17.385,78.4867,06-09-2025 08:20,440.9,0.65,114.4,42.3,38.7,25,25.7
5,Hyderabad,17.385,78.4867,06-09-2025 08:30,433.4,0.81,41,129.3,29.8,20.5,29.3
3,Chennai,13.0827,80.2707,06-09-2025 08:40,411,1.03,137.3,159,93,16.9,44.6
5,Hyderabad,17.385,78.4867,06-09-2025 08:50,447.4,0.75,65.1,233.1,55.4,22.1,22.1
2,Mumbai,19.076,72.8777,06-09-2025 09:00,399.1,1.1,45.7,145.3,64.1,18.3,22
2,Mumbai,19.076,72.8777,06-09-2025 09:10,417.5,0.77,30.7,105.6,57.8,21.6,24.5
5,Hyderabad,17.385,78.4867,06-09-2025 09:20,431.5,1.04,59,118.2,52.1,14.6,36
2,Mumbai,19.076,72.8777,06-09-2025 09:30,421.4,0.61,87.1,131.7,76.5,21.8,34.2
3,Chennai,13.0827,80.2707,06-09-2025 09:40,454.9,0.83,79.1,132.1,57.8,16.5,38.2
5,Hyderabad,17.385,78.4867,06-09-2025 09:50,407.3,0.73,84.2,179.8,63,23.6,23.1
4,Bengaluru,12.9716,77.5946,06-09-2025 10:00,422.4,0.93,114.3,93.5,25.8,15.8,22.9
4,Bengaluru,12.9716,77.5946,06-09-2025 10:10,460.1,0.67,92.9,192.5,54.4,24.5,45.8
4,Bengaluru,12.9716,77.5946,06-09-2025 10:20,427.4,0.67,90.7,154,33.4,23.1,7.9
1,Delhi,28.7041,77.1025,06-09-2025 10:30,423.1,0.63,45.5,105.2,42.1,17.4,26
3,Chennai,13.0827,80.2707,06-09-2025 10:40,423.2,0.58,82.7,160.6,49.1,23.8,26.9
2,Mumbai,19.076,72.8777,06-09-2025 10:50,410,1.01,54.7,185.6,61.9,26.6,31.6
3,Chennai,13.0827,80.2707,06-09-2025 11:00,451.3,0.5,107.8,181.9,60.3,28.8,40.1
1,Delhi,28.7041,77.1025,06-09-2025 11:10,402.3,0.73,58.5,184.3,53.1,19.9,44.3
2,Mumbai,19.076,72.8777,06-09-2025 11:20,469.8,0.65,94.6,96.1,50.2,17.4,32.5
1,Delhi,28.7041,77.1025,06-09-2025 11:30,415.9,1.06,36.5,83,57.3,12.5,34.5
4,Bengaluru,12.9716,77.5946,06-09-2025 11:40,456.5,0.71,62,166.8,54.3,13.5,37.9
1,Delhi,28.7041,77.1025,06-09-2025 11:50,393.7,0.85,92.9,125.3,68.8,16.1,32.8
3,Chennai,13.0827,80.2707,06-09-2025 12:00,444.9,0.98,98.9,150.7,79,18.3,17.6
3,Chennai,13.0827,80.2707,06-09-2025 12:10,455,1.13,80.3,89.6,63.2,15,49.1
2,Mumbai,19.076,72.8777,06-09-2025 12:20,388.3,1.2,108.8,95.2,49.9,21,41.1
5,Hyderabad,17.385,78.4867,06-09-2025 12:30,455.9,1.16,117.1,113.2,38.9,19.2,28.7
2,Mumbai,19.076,72.8777,06-09-2025 12:40,401.4,0.91,83,147.9,46.7,19.6,49.2
4,Bengaluru,12.9716,77.5946,06-09-2025 12:50,410.8,0.9,69.8,188.4,57.7,22.3,52.3
4,Bengaluru,12.9716,77.5946,06-09-2025 13:00,400,0.76,67.1,169.7,68.6,20.4,18.6
4,Bengaluru,12.9716,77.5946,06-09-2025 13:10,407.2,0.74,94.1,130.9,60.2,28,45
1,Delhi,28.7041,77.1025,06-09-2025 13:20,437,0.63,89.2,101.9,81.5,23.2,24.5
4,Bengaluru,12.9716,77.5946,06-09-2025 13:30,408.7,1.01,85.2,110.1,52.9,25.6,31.1
3,Chennai,13.0827,80.2707,06-09-2025 13:40,450.8,0.61,104.5,146.4,49.3,21.8,27.7
3,Chennai,13.0827,80.2707,06-09-2025 13:50,414.6,1.17,54.4,115.6,60.5,21.7,26.6
2,Mumbai,19.076,72.8777,06-09-2025 14:00,432.6,0.83,73.4,153.1,57.7,20.9,33.3
3,Chennai,13.0827,80.2707,06-09-2025 14:10,422.6,1.1,66.1,142.9,67.4,29.3,32.7
4,Bengaluru,12.9716,77.5946,06-09-2025 14:20,389.6,0.74,96.9,154.4,62.4,18.5,29.4
4,Bengaluru,12.9716,77.5946,06-09-2025 14:30,472.3,1.25,62.6,214.6,69.6,28.5,25.1
4,Bengaluru,12.9716,77.5946,06-09-2025 14:40,408.6,0.73,86.4,152,52.1,21.9,36.9
4,Bengaluru,12.9716,77.5946,06-09-2025 14:50,413.4,0.69,105.7,158.1,35.4,22,26.4
3,Chennai,13.0827,80.2707,06-09-2025 15:00,427.9,0.91,83.5,109.5,43.1,20.9,20.2
5,Hyderabad,17.385,78.4867,06-09-2025 15:10,403.8,0.74,72.5,121.9,71.5,19.4,35.9
4,Bengaluru,12.9716,77.5946,06-09-2025 15:20,406.9,0.69,71.3,155.2,54.9,21.5,47
5,Hyderabad,17.385,78.4867,06-09-2025 15:30,425.6,0.8,62.8,151.2,48.1,20.5,36.1
3,Chennai,13.0827,80.2707,06-09-2025 15:40,431.4,0.7,36.1,115,67.7,21.5,30.7
1,Delhi,28.7041,77.1025,06-09-2025 15:50,419.4,0.97,85.6,132.8,67.3,26.1,26.3
1,Delhi,28.7041,77.1025,06-09-2025 16:00,427,0.84,36.3,140.3,58.4,24.5,39.1
2,Mumbai,19.076,72.8777,06-09-2025 16:10,402.9,0.85,37.4,137.5,42.7,20,33.2
5,Hyderabad,17.385,78.4867,06-09-2025 16:20,398.4,1.02,42.4,159.1,50.9,13.6,37.6
1,Delhi,28.7041,77.1025,06-09-2025 16:30,465.4,0.54,78.4,147,69.9,18,17.7
4,Bengaluru,12.9716,77.5946,06-09-2025 16:40,421,0.76,76.5,130.3,44.8,7.7,27
1,Delhi,28.7041,77.1025,06-09-2025 16:50,406.3,0.59,50.7,147.7,77.6,21.2,35.3
1,Delhi,28.7041,77.1025,06-09-2025 17:00,429.6,0.74,54.8,139.9,59,31.3,33.8
5,Hyderabad,17.385,78.4867,06-09-2025 17:10,374.3,0.85,86.1,141.6,36.2,15.5,37.5
5,Hyderabad,17.385,78.4867,06-09-2025 17:20,415.5,0.85,58.7,136.5,53.5,25.1,42.9
1,Delhi,28.7041,77.1025,06-09-2025 17:30,479.8,1.03,40,114,43.4,15.7,35.2
3,Chennai,13.0827,80.2707,06-09-2025 17:40,443.3,0.75,75.9,112.9,30.2,20.9,37.5
4,Bengaluru,12.9716,77.5946,06-09-2025 17:50,428.1,1.01,92,126.9,67.7,22.5,29.1
4,Bengaluru,12.9716,77.5946,06-09-2025 18:00,402.2,0.78,20,107.5,42.6,14.5,38.3
3,Chennai,13.0827,80.2707,06-09-2025 18:10,461.9,0.85,46.6,134.7,30.7,23.5,40.4
1,Delhi,28.7041,77.1025,06-09-2025 18:20,343.8,0.76,107.1,126.5,55,19,38.8
3,Chennai,13.0827,80.2707,06-09-2025 18:30,428.5,1.2,27.5,208.3,57,23.4,34.5
5,Hyderabad,17.385,78.4867,06-09-2025 18:40,426.5,0.88,55,129.6,34.8,28,16.9
5,Hyderabad,17.385,78.4867,06-09-2025 18:50,389.2,0.63,80.5,148.5,52.3,24.9,23.6
5,Hyderabad,17.385,78.4867,06-09-2025 19:00,406.5,0.8,59.4,167.2,52.3,24.9,40.2
1,Delhi,28.7041,77.1025,06-09-2025 19:10,438.5,0.77,47.2,95.7,53,27.1,28
4,Bengaluru,12.9716,77.5946,06-09-2025 19:20,471,0.98,59.1,179.4,45.2,20.9,23.5
3,Chennai,13.0827,80.2707,06-09-2025 19:30,431.8,0.62,84.1,66,16,17.2,50
1,Delhi,28.7041,77.1025,06-09-2025 19:40,404,0.78,113.8,114.6,55.5,17.5,33.2
2,Mumbai,19.076,72.8777,06-09-2025 19:50,419.9,1.18,102.8,103,52.2,17.1,43.6
2,Mumbai,19.076,72.8777,06-09-2025 20:00,431.2,0.76,69.5,199.3,77.1,16.5,23.8
2,Mumbai,19.076,72.8777,06-09-2025 20:10,384.3,0.93,62.3,190.3,47.4,24.2,19.7
1,Delhi,28.7041,77.1025,06-09-2025 20:20,416.6,1.08,94.1,147.5,57.1,19.1,32.2
3,Chennai,13.0827,80.2707,06-09-2025 20:30,441.8,0.8,70.6,176.1,61.1,25.4,28.7
3,Chennai,13.0827,80.2707,06-09-2025 20:40,424,0.73,73.2,177.6,57.4,21.4,37.5
5,Hyderabad,17.385,78.4867,06-09-2025 20:50,414.7,0.71,86.9,105.5,41.7,18.1,37.2
3,Chennai,13.0827,80.2707,06-09-2025 21:00,429.6,0.7,79.1,179.1,79.9,26.1,28.2
4,Bengaluru,12.9716,77.5946,06-09-2025 21:10,404.9,0.86,82.8,127.4,40.4,18.5,28.6
3,Chennai,13.0827,80.2707,06-09-2025 21:20,443.4,1.2,76.1,183.7,39.7,11,25.3
1,Delhi,28.7041,77.1025,06-09-2025 21:30,422.1,0.79,80.1,163.7,60.5,13.1,25.6
3,Chennai,13.0827,80.2707,06-09-2025 21:40,415.7,0.38,104.7,145,60,20.9,34.6
2,Mumbai,19.076,72.8777,06-09-2025 21:50,405,0.72,68,158.8,28.4,27,33.3
4,Bengaluru,12.9716,77.5946,06-09-2025 22:00,429.4,0.8,90.6,159.6,71.6,26.2,27.2
5,Hyderabad,17.385,78.4867,06-09-2025 22:10,403.6,0.94,46.8,166.3,68,25.9,30.8
4,Bengaluru,12.9716,77.5946,06-09-2025 22:20,374.3,0.82,84.1,150,48.5,19.6,32.2
4,Bengaluru,12.9716,77.5946,06-09-2025 22:30,375.2,0.66,91.7,135.8,35.7,13.5,31.1
3,Chennai,13.0827,80.2707,06-09-2025 22:40,391.4,1.09,53.8,113.9,42.2,21.8,31
2,Mumbai,19.076,72.8777,06-09-2025 22:50,402.8,0.64,122.6,139,46.1,20.3,26.8
5,Hyderabad,17.385,78.4867,06-09-2025 23:00,427.9,0.9,73.2,122.1,61.8,13.9,19.7
1,Delhi,28.7041,77.1025,06-09-2025 23:10,401.1,0.67,102.4,141.1,58.7,18.2,28.7
3,Chennai,13.0827,80.2707,06-09-2025 23:20,450.7,1.01,95,132,89.7,16.4,17.8
2,Mumbai,19.076,72.8777,06-09-2025 23:30,362.3,0.92,75.5,131.8,26.1,18.6,30.7
1,Delhi,28.7041,77.1025,06-09-2025 23:40,367.6,1.14,63.6,137.7,44.4,20.8,34.4
5,Hyderabad,17.385,78.4867,06-09-2025 23:50,420.1,0.82,71.5,153.4,64.5,9.5,26.4
1,Delhi,28.7041,77.1025,07-09-2025 00:00,391.6,0.46,30.4,138.4,71.2,24.1,34.7
2,Mumbai,19.076,72.8777,07-09-2025 00:10,422.5,0.82,84.7,95.2,45.7,24.1,40.8
5,Hyderabad,17.385,78.4867,07-09-2025 00:20,411,0.86,120.8,109.9,72.2,22.5,37.3
1,Delhi,28.7041,77.1025,07-09-2025 00:30,398.9,1.17,87.8,143,42.6,14.8,32.1
4,Bengaluru,12.9716,77.5946,07-09-2025 00:40,463,1.3,51.7,135.8,78.7,13.1,24.9
3,Chennai,13.0827,80.2707,07-09-2025 00:50,414.8,0.66,84.6,161.7,41.4,22.2,36.4
5,Hyderabad,17.385,78.4867,07-09-2025 01:00,406.2,0.82,59.1,150.7,68.1,20.7,42.5
5,Hyderabad,17.385,78.4867,07-09-2025 01:10,394.9,1.02,51.4,127,59.6,21.3,42.1
1,Delhi,28.7041,77.1025,07-09-2025 01:20,398.3,1.13,85,193,50.1,22.1,23.7
1,Delhi,28.7041,77.1025,07-09-2025 01:30,460.9,0.74,94,79.6,45.9,16,26.3
3,Chennai,13.0827,80.2707,07-09-2025 01:40,417.5,0.6,90.9,126.7,37.2,17.7,51
1,Delhi,28.7041,77.1025,07-09-2025 01:50,403.1,0.93,66.2,82.3,56.1,4.2,30.2
1,Delhi,28.7041,77.1025,07-09-2025 02:00,401.7,0.76,77.2,116.8,50.9,24.7,30.8
3,Chennai,13.0827,80.2707,07-09-2025 02:10,427.9,0.68,67.6,147.9,66.3,24.1,26.6
1,Delhi,28.7041,77.1025,07-09-2025 02:20,408,0.75,89.5,160.3,42.6,19.1,24.5
3,Chennai,13.0827,80.2707,07-09-2025 02:30,432.5,0.85,93.8,117.5,105.9,19.1,27.7
3,Chennai,13.0827,80.2707,07-09-2025 02:40,407.4,0.6,84.1,155.1,39.1,25.1,19.1
1,Delhi,28.7041,77.1025,07-09-2025 02:50,442.1,0.93,98,141.1,45.2,17.1,33
4,Bengaluru,12.9716,77.5946,07-09-2025 03:00,407.4,0.6,69.7,141.7,81.4,12.7,36.9
1,Delhi,28.7041,77.1025,07-09-2025 03:10,449,0.51,46.3,176.9,47.4,22.8,39.1
3,Chennai,13.0827,80.2707,07-09-2025 03:20,438.1,0.82,57.3,111.8,27,13,23
2,Mumbai,19.076,72.8777,07-09-2025 03:30,403.3,1.09,112.1,145.4,50.7,19.2,35.5
1,Delhi,28.7041,77.1025,07-09-2025 03:40,396.8,0.86,52.4,143.9,49.7,21.5,43.3
4,Bengaluru,12.9716,77.5946,07-09-2025 03:50,462.6,0.51,70,121.4,71.9,15.3,22.1
1,Delhi,28.7041,77.1025,07-09-2025 04:00,407.2,0.78,60.5,98.1,62,15.8,34
3,Chennai,13.0827,80.2707,07-09-2025 04:10,429.9,0.83,66.6,166.9,50.8,19.4,24.5
3,Chennai,13.0827,80.2707,07-09-2025 04:20,483.6,0.82,86.9,77.7,52.8,20.6,26.8
5,Hyderabad,17.385,78.4867,07-09-2025 04:30,418.7,0.82,87.8,140,55.9,15.9,18.4
2,Mumbai,19.076,72.8777,07-09-2025 04:40,398.7,0.62,72.2,128.8,30.5,23.7,33.3
4,Bengaluru,12.9716,77.5946,07-09-2025 04:50,441.3,0.54,83.9,138,44.5,18.4,22.7
2,Mumbai,19.076,72.8777,07-09-2025 05:00,420.6,0.89,81.9,136.4,21.1,21,37.2
3,Chennai,13.0827,80.2707,07-09-2025 05:10,411.5,0.2,53,120.6,67.1,30.4,22.6
5,Hyderabad,17.385,78.4867,07-09-2025 05:20,446.2,1.24,58.8,169,56.2,14.6,34.7
5,Hyderabad,17.385,78.4867,07-09-2025 05:30,393.2,1.23,70.4,147.1,61.8,14.3,13.3
3,Chennai,13.0827,80.2707,07-09-2025 05:40,419.4,1.07,66.3,111.4,68.3,19.3,21.2
2,Mumbai,19.076,72.8777,07-09-2025 05:50,437.1,1.14,82.9,169.2,62.9,19,23.6
2,Mumbai,19.076,72.8777,07-09-2025 06:00,394.9,0.72,102.8,112.6,53,28.5,34.3
2,Mumbai,19.076,72.8777,07-09-2025 06:10,402.5,0.64,61.6,95,74.2,15.1,27.3
5,Hyderabad,17.385,78.4867,07-09-2025 06:20,499.9,1.24,71.9,102.3,37.1,18.1,45
3,Chennai,13.0827,80.2707,07-09-2025 06:30,384.3,0.88,72.3,160.7,47.9,27.9,32.1
5,Hyderabad,17.385,78.4867,07-09-2025 06:40,443.4,0.8,75.3,166.1,75.9,16.2,43.4
4,Bengaluru,12.9716,77.5946,07-09-2025 06:50,437,0.67,70.1,121.2,25.5,17.3,20.8
4,Bengaluru,12.9716,77.5946,07-09-2025 07:00,418.5,0.7,68.8,175.3,73.1,22.7,15.7
2,Mumbai,19.076,72.8777,07-09-2025 07:10,394.3,0.86,99.8,154.5,66.6,15.3,20.8
5,Hyderabad,17.385,78.4867,07-09-2025 07:20,437.7,0.91,83.6,156.3,33.1,17.6,35.2
4,Bengaluru,12.9716,77.5946,07-09-2025 07:30,424.5,1.01,84.8,160.9,50.9,16.3,33.4
2,Mumbai,19.076,72.8777,07-09-2025 07:40,414,0.8,92.8,131.6,32,29.1,30.4
3,Chennai,13.0827,80.2707,07-09-2025 07:50,412.3,1.03,128.7,141.3,80.3,19.2,36.2
1,Delhi,28.7041,77.1025,07-09-2025 08:00,433.1,0.99,61.6,93.2,49.6,15.4,39.9
4,Bengaluru,12.9716,77.5946,07-09-2025 08:10,422.2,0.52,50.8,153.5,51,27.6,42.3
4,Bengaluru,12.9716,77.5946,07-09-2025 08:20,392.5,0.97,80.3,100,41.4,20.4,22.2
1,Delhi,28.7041,77.1025,07-09-2025 08:30,399.4,0.66,116.6,123.2,68.5,19.7,19.3
3,Chennai,13.0827,80.2707,07-09-2025 08:40,457.8,1.01,71.8,163.6,47.5,23,47.8
3,Chennai,13.0827,80.2707,07-09-2025 08:50,364.6,0.82,80.3,109.7,57.2,20.7,13.9
3,Chennai,13.0827,80.2707,07-09-2025 09:00,379.4,1.01,88.3,100,56,19.6,42.1
4,Bengaluru,12.9716,77.5946,07-09-2025 09:10,424.9,0.94,88.5,156.5,44,22.4,23.4
4,Bengaluru,12.9716,77.5946,07-09-2025 09:20,418.6,0.44,112.8,91.9,55.1,20.6,44.4
1,Delhi,28.7041,77.1025,07-09-2025 09:30,385,0.8,88,156.4,63.7,29,27.6
3,Chennai,13.0827,80.2707,07-09-2025 09:40,405.4,1.27,57.1,137.8,45.4,15.7,43.2
5,Hyderabad,17.385,78.4867,07-09-2025 09:50,425.1,1.44,79.6,149.2,26.4,19.2,26.4
5,Hyderabad,17.385,78.4867,07-09-2025 10:00,442.1,0.8,89.3,129.4,56.2,24.7,23.9
2,Mumbai,19.076,72.8777,07-09-2025 10:10,447,0.69,61,161.1,34,10.2,21
2,Mumbai,19.076,72.8777,07-09-2025 10:20,404.6,1,96.8,99.3,91.2,18.3,24.1
4,Bengaluru,12.9716,77.5946,07-09-2025 10:30,414.9,1.23,76.3,177.1,85.6,21.2,29.8
2,Mumbai,19.076,72.8777,07-09-2025 10:40,466.6,0.98,62.3,130.6,33.5,17.4,29.4
2,Mumbai,19.076,72.8777,07-09-2025 10:50,422,1.04,105.6,166.3,73.8,18.2,31.8
2,Mumbai,19.076,72.8777,07-09-2025 11:00,425,1.12,64.7,129.8,34.7,26.6,27.3
3,Chennai,13.0827,80.2707,07-09-2025 11:10,404.1,0.72,78.7,137.8,74.5,26.6,27.5
2,Mumbai,19.076,72.8777,07-09-2025 11:20,455.5,0.91,82.5,79.4,60.5,24.4,38.9
3,Chennai,13.0827,80.2707,07-09-2025 11:30,410.6,0.76,75.7,157.3,49,30.9,47
5,Hyderabad,17.385,78.4867,07-09-2025 11:40,415.8,0.93,56.8,171.2,57.3,24.2,30.6
5,Hyderabad,17.385,78.4867,07-09-2025 11:50,433.2,0.84,71.9,178,53,23.2,29.4
3,Chennai,13.0827,80.2707,07-09-2025 12:00,412.1,0.81,75.1,133,55.7,27.2,34.4
2,Mumbai,19.076,72.8777,07-09-2025 12:10,435.9,0.6,47,112.1,56.6,21.7,26.9
1,Delhi,28.7041,77.1025,07-09-2025 12:20,431.1,0.65,51.7,132.1,53.4,19.6,-0.6
5,Hyderabad,17.385,78.4867,07-09-2025 12:30,469.5,0.77,67.3,136.8,78.2,20.5,31.4
3,Chennai,13.0827,80.2707,07-09-2025 12:40,388.8,0.74,83.7,88.4,68.9,19.6,26.6
4,Bengaluru,12.9716,77.5946,07-09-2025 12:50,416.8,0.64,71.6,128.9,53.2,18,21.2
2,Mumbai,19.076,72.8777,07-09-2025 13:00,411.6,0.92,85.6,74.5,66.7,17.8,42.1
3,Chennai,13.0827,80.2707,07-09-2025 13:10,423,0.91,93.6,131.5,45.1,24.6,23.2
1,Delhi,28.7041,77.1025,07-09-2025 13:20,473.3,0.84,82.7,143,57.1,21.5,38.5
3,Chennai,13.0827,80.2707,07-09-2025 13:30,408.4,0.71,68,193.8,82.2,16.7,31.1
4,Bengaluru,12.9716,77.5946,07-09-2025 13:40,416.8,0.91,124.7,115.9,26.3,18.6,22.4
2,Mumbai,19.076,72.8777,07-09-2025 13:50,415.8,0.65,89,176.1,47.6,14.3,42.3
4,Bengaluru,12.9716,77.5946,07-09-2025 14:00,445.4,0.95,104.4,179.5,47.8,21.3,28.5
5,Hyderabad,17.385,78.4867,07-09-2025 14:10,396.6,1.01,68,130.1,47.3,19.9,25.8
2,Mumbai,19.076,72.8777,07-09-2025 14:20,406.3,1.1,54.7,184.6,52.6,20.4,37.1
1,Delhi,28.7041,77.1025,07-09-2025 14:30,465.6,0.82,31.3,215.5,58.6,24.2,18.8
2,Mumbai,19.076,72.8777,07-09-2025 14:40,425.2,0.63,64.6,145.8,66,19.3,23.2
3,Chennai,13.0827,80.2707,07-09-2025 14:50,481,0.73,62.8,153.7,29.3,16.1,26.4
1,Delhi,28.7041,77.1025,07-09-2025 15:00,380.1,1.05,53.3,185,63.1,26.4,19.4
3,Chennai,13.0827,80.2707,07-09-2025 15:10,443.1,0.62,81.5,146.1,45.3,20.1,32.7
2,Mumbai,19.076,72.8777,07-09-2025 15:20,431.8,0.5,48.1,182.7,45.7,24.3,26.3
1,Delhi,28.7041,77.1025,07-09-2025 15:30,406.8,0.85,102.6,166.2,38.7,16,19.7
2,Mumbai,19.076,72.8777,07-09-2025 15:40,388.4,0.92,62.6,148.4,61.9,11.3,55.6
3,Chennai,13.0827,80.2707,07-09-2025 15:50,424.7,0.34,80,176.3,36.4,18.6,27.9
5,Hyderabad,17.385,78.4867,07-09-2025 16:00,423.6,0.55,69,154.2,72.3,31.1,16.5
2,Mumbai,19.076,72.8777,07-09-2025 16:10,400.5,1.16,98.5,128.8,41.4,23.2,7.5
3,Chennai,13.0827,80.2707,07-09-2025 16:20,383.2,0.2,90.7,83.4,22,9.5,37
4,Bengaluru,12.9716,77.5946,07-09-2025 16:30,428,0.56,85.9,196.3,68.6,17.1,32.2
4,Bengaluru,12.9716,77.5946,07-09-2025 16:40,429.9,0.85,86,173,38.3,21.5,30.9
4,Bengaluru,12.9716,77.5946,07-09-2025 16:50,462.5,0.88,75.6,133.5,46.1,20.1,42.6
1,Delhi,28.7041,77.1025,07-09-2025 17:00,436.2,1.07,73.1,121.3,23.8,26.6,36.9
5,Hyderabad,17.385,78.4867,07-09-2025 17:10,411.7,0.69,83.3,144.1,67.3,23,24
4,Bengaluru,12.9716,77.5946,07-09-2025 17:20,450,0.38,89.2,126.8,56.8,24.4,18
3,Chennai,13.0827,80.2707,07-09-2025 17:30,466.9,1.05,58.4,125.1,41.6,18,23.5
2,Mumbai,19.076,72.8777,07-09-2025 17:40,406,0.87,77.6,187.8,76.9,28.1,39.3
5,Hyderabad,17.385,78.4867,07-09-2025 17:50,487.5,0.51,75.9,153.8,40,21.3,36.6
2,Mumbai,19.076,72.8777,07-09-2025 18:00,396.2,0.81,80.7,143.5,42.5,28.1,29.3
3,Chennai,13.0827,80.2707,07-09-2025 18:10,444.5,0.68,60.2,161.8,49.9,11.6,33.3
3,Chennai,13.0827,80.2707,07-09-2025 18:20,427.6,0.98,103.4,140.9,73.4,26.8,24.7
4,Bengaluru,12.9716,77.5946,07-09-2025 18:30,424.8,0.99,64.6,99.5,42.7,17.9,30.3
5,Hyderabad,17.385,78.4867,07-09-2025 18:40,432,1.1,77.1,135.4,49.7,16.2,31.6
1,Delhi,28.7041,77.1025,07-09-2025 18:50,403.2,0.52,105.2,109.5,42.3,25.7,41.2
5,Hyderabad,17.385,78.4867,07-09-2025 19:00,382.2,0.69,54,114.7,45.9,18.6,36.2
3,Chennai,13.0827,80.2707,07-09-2025 19:10,412.3,0.86,71.4,162.5,51.3,14.4,36.1
2,Mumbai,19.076,72.8777,07-09-2025 19:20,401.8,0.83,58.8,155.2,62.9,17.6,25.8
4,Bengaluru,12.9716,77.5946,07-09-2025 19:30,396.7,0.94,64.5,101.2,66.5,22.4,39.9
2,Mumbai,19.076,72.8777,07-09-2025 19:40,406.5,0.89,105.5,93.8,59.4,29.5,34.2
4,Bengaluru,12.9716,77.5946,07-09-2025 19:50,400.5,0.71,75.6,145.9,41.3,16.7,30.8
2,Mumbai,19.076,72.8777,07-09-2025 20:00,374.8,0.83,61.9,116.1,50.2,13.1,34.2
4,Bengaluru,12.9716,77.5946,07-09-2025 20:10,389.7,0.91,55.2,162.6,66.9,21.4,35.8
3,Chennai,13.0827,80.2707,07-09-2025 20:20,456,1.22,103.1,194.3,67.6,13.7,17.5
4,Bengaluru,12.9716,77.5946,07-09-2025 20:30,401,0.65,96.9,140.8,48.4,26.4,28.6
5,Hyderabad,17.385,78.4867,07-09-2025 20:40,453.3,0.77,33.3,180.5,38.7,15.6,22.5
2,Mumbai,19.076,72.8777,07-09-2025 20:50,444,0.84,101.9,79.6,21.2,21.5,33.2
1,Delhi,28.7041,77.1025,07-09-2025 21:00,417,1,97.2,153.5,54.2,11.2,39.6
4,Bengaluru,12.9716,77.5946,07-09-2025 21:10,423.9,0.82,51.9,183.9,65.9,15.9,36.9
1,Delhi,28.7041,77.1025,07-09-2025 21:20,414.6,0.73,83.1,198.9,57.1,25.1,33.9
3,Chennai,13.0827,80.2707,07-09-2025 21:30,406.6,0.6,73.7,172.3,50.2,19.3,41.7
1,Delhi,28.7041,77.1025,07-09-2025 21:40,451.7,0.91,58.4,156.2,57.1,24.5,26.3
4,Bengaluru,12.9716,77.5946,07-09-2025 21:50,429.2,0.93,53.4,168.2,45.7,24,22.7
5,Hyderabad,17.385,78.4867,07-09-2025 22:00,409,0.72,107,68.8,19.6,21.1,23.1
5,Hyderabad,17.385,78.4867,07-09-2025 22:10,368.7,0.81,75.1,163,76.8,15.9,22.9
2,Mumbai,19.076,72.8777,07-09-2025 22:20,408.3,0.82,77,119.6,67.9,25.1,33.5
2,Mumbai,19.076,72.8777,07-09-2025 22:30,410.3,0.49,101.9,113.4,44.1,20.2,32.7
